Provinsi,Kab Kota,Kecamatan,Desa,Tanggal,Waktu,Satelit,Confidence,Latitude,Longitude
Sulawesi Selatan,LUWU TIMUR,Towuti,Asuli,01/06/2024,00:49 WIB,NASA-NOAA20,High,-2.57702,121.38011
Sulawesi Selatan,LUWU TIMUR,Towuti,Asuli,03/06/2024,20:44 WIB,NASA-MODIS,High,-2.57945,121.37719
Sulawesi Selatan,LUWU TIMUR,Towuti,Asuli,07/06/2024,01:26 WIB,NASA-MODIS,High,-2.58044,121.37338
Sulawesi Selatan,LUWU TIMUR,Towuti,Asuli,08/06/2024,08:32 WIB,NASA-MODIS,High,-2.58092,121.38652
Sulawesi Selatan,LUWU TIMUR,Nuha,Sorowako,08/06/2024,00:30 WIB,NASA-MODIS,High,-2.57598,121.38316
Sulawesi Selatan,LUWU TIMUR,Nuha,Sorowako,09/06/2024,23:41 WIB,NASA-NOAA20,High,-2.57319,121.38301
Sulawesi Selatan,LUWU TIMUR,Nuha,Sorowako,10/06/2024,20:31 WIB,NASA-MODIS,High,-2.57313,121.38148
Sulawesi Selatan,LUWU TIMUR,Towuti,Asuli,15/06/2024,20:38 WIB,NASA-MODIS,High,-2.57661,121.37629
Sulawesi Selatan,LUWU TIMUR,Nuha,Sorowako,15/06/2024,20:38 WIB,NASA-MODIS,High,-2.57534,121.38538
Sulawesi Selatan,LUWU TIMUR,Nuha,Sorowako,16/06/2024,01:02 WIB,NASA-MODIS,High,-2.57695,121.38494
Sulawesi Selatan,LUWU TIMUR,Towuti,Asuli,18/06/2024,13:03 WIB,NASA-MODIS,High,-2.57779,121.38011
Sulawesi Selatan,LUWU TIMUR,Towuti,Asuli,23/06/2024,21:05 WIB,NASA-MODIS,High,-2.58117,121.37235
Sulawesi Selatan,LUWU TIMUR,Nuha,Sorowako,26/06/2024,01:15 WIB,NASA-MODIS,High,-2.57396,121.38796
Sulawesi Selatan,LUWU TIMUR,Towuti,Asuli,27/06/2024,01:02 WIB,NASA-NOAA20,High,-2.57857,121.38293
Sulawesi Selatan,LUWU TIMUR,Nuha,Sorowako,27/06/2024,08:11 WIB,NASA-MODIS,High,-2.57437,121.38227
Sulawesi Selatan,LUWU TIMUR,Towuti,Asuli,02/07/2024,12:44 WIB,NASA-MODIS,High,-2.58478,121.38168
Sulawesi Selatan,LUWU TIMUR,Nuha,Sorowako,05/07/2024,08:39 WIB,NASA-MODIS,High,-2.57317,121.38895
Sulawesi Selatan,LUWU TIMUR,Nuha,Sorowako,09/07/2024,20:23 WIB,NASA-MODIS,High,-2.57245,121.37388
Sulawesi Tenggara,BUTON TENGAH,Mawasangka,Gumanano,10/07/2024,12:55 WIB,NASA-NOAA20,High,-5.3836,122.30357
Sulawesi Selatan,LUWU TIMUR,Nuha,Sorowako,10/07/2024,08:43 WIB,NASA-MODIS,High,-2.57364,121.38525
Sulawesi Selatan,LUWU TIMUR,Nuha,Sorowako,14/07/2024,20:29 WIB,NASA-MODIS,High,-2.57913,121.38862
Sulawesi Selatan,LUWU TIMUR,Towuti,Asuli,14/07/2024,20:29 WIB,NASA-MODIS,High,-2.58066,121.37737
Sulawesi Selatan,LUWU TIMUR,Towuti,Asuli,17/07/2024,13:05 WIB,NASA-MODIS,High,-2.58268,121.38217
Sulawesi Selatan,TAKALAR,Polombangkeng Utara,Balangtanaya,17/07/2024,20:50 WIB,NASA-MODIS,High,-5.38108,119.49826
Sulawesi Selatan,LUWU TIMUR,Towuti,Asuli,20/07/2024,13:29 WIB,NASA-MODIS,High,-2.58344,121.38206
Sulawesi Barat,MAMUJU,Simboro dan Kepulauan,Botteng Utara,20/07/2024,13:10 WIB,NASA-NOAA20,High,-2.75348,118.82381
Sulawesi Selatan,LUWU TIMUR,Towuti,Asuli,24/07/2024,20:38 WIB,NASA-MODIS,High,-2.57696,121.38158
Sulawesi Selatan,LUWU TIMUR,Nuha,Sorowako,29/07/2024,00:41 WIB,NASA-MODIS,High,-2.57372,121.39209
Sulawesi Selatan,LUWU TIMUR,Towuti,Asuli,01/08/2024,01:06 WIB,NASA-MODIS,High,-2.58547,121.38322
Sulawesi Selatan,LUWU TIMUR,Nuha,Sorowako,02/08/2024,23:28 WIB,NASA-NOAA20,High,-2.57146,121.37928
Sulawesi Selatan,LUWU TIMUR,Towuti,Timampu,03/08/2024,13:08 WIB,NASA-MODIS,High,-2.68295,121.3856
Sulawesi Selatan,LUWU TIMUR,Towuti,Asuli,03/08/2024,20:46 WIB,NASA-MODIS,High,-2.576,121.37714
Sulawesi Selatan,LUWU TIMUR,Nuha,Sorowako,03/08/2024,08:28 WIB,NASA-MODIS,High,-2.57417,121.38068
Sulawesi Selatan,TAKALAR,Polombangkeng Selatan,Moncongkomba,03/08/2024,20:46 WIB,NASA-MODIS,High,-5.40992,119.49657
Sulawesi Selatan,LUWU TIMUR,Nuha,Sorowako,04/08/2024,00:49 WIB,NASA-NOAA20,High,-2.5729,121.38151
Sulawesi Selatan,LUWU TIMUR,Towuti,Asuli,04/08/2024,01:28 WIB,NASA-MODIS,High,-2.57933,121.38788
Sulawesi Selatan,LUWU TIMUR,Towuti,Asuli,08/08/2024,13:14 WIB,NASA-MODIS,High,-2.57807,121.37421
Sulawesi Selatan,LUWU TIMUR,Nuha,Sorowako,08/08/2024,20:53 WIB,NASA-MODIS,High,-2.57731,121.38593
Sulawesi Selatan,JENEPONTO,Bangkala Barat,Kelurahan Bulu Jaya,10/08/2024,11:36 WIB,NASA-NOAA20,High,-5.49417,119.52982
Sulawesi Selatan,LUWU TIMUR,Nuha,Sorowako,10/08/2024,00:39 WIB,NASA-MODIS,High,-2.57522,121.38737
Sulawesi Selatan,LUWU TIMUR,Towuti,Asuli,10/08/2024,00:39 WIB,NASA-MODIS,High,-2.58228,121.3811
Sulawesi Tengah,POSO,Lore Tengah,Rompo,11/08/2024,12:57 WIB,NASA-NOAA20,High,-1.61157,120.29313
Sulawesi Selatan,LUWU TIMUR,Nuha,Sorowako,11/08/2024,08:54 WIB,NASA-MODIS,High,-2.57937,121.39046
Sulawesi Selatan,LUWU TIMUR,Nuha,Sorowako,12/08/2024,20:16 WIB,NASA-MODIS,High,-2.57231,121.37611
Sulawesi Selatan,LUWU TIMUR,Nuha,Sorowako,14/08/2024,01:02 WIB,NASA-NOAA20,High,-2.57347,121.38027
Sulawesi Selatan,LUWU TIMUR,Towuti,Asuli,15/08/2024,00:43 WIB,NASA-MODIS,High,-2.59752,121.38941
Sulawesi Tengah,MOROWALI UTARA,Mori Utara,Mayumba,15/08/2024,11:42 WIB,NASA-NOAA20,High,-1.8356,121.03529
Sulawesi Tengah,MOROWALI,Bahodopi,Fatufia,15/08/2024,20:40 WIB,NASA-MODIS,High,-2.83349,122.16611
Sulawesi Tengah,POSO,Lore Piore,Wanga,15/08/2024,11:42 WIB,NASA-NOAA20,High,-1.50334,120.32632
Sulawesi Selatan,LUWU TIMUR,Nuha,Sorowako,15/08/2024,20:40 WIB,NASA-MODIS,High,-2.57495,121.38233
Sulawesi Selatan,LUWU TIMUR,Towuti,Asuli,16/08/2024,13:03 WIB,NASA-NOAA20,High,-2.57725,121.38393
Sulawesi Selatan,LUWU TIMUR,Nuha,Sorowako,16/08/2024,09:00 WIB,NASA-MODIS,High,-2.57336,121.38721
Sulawesi Selatan,LUWU TIMUR,Towuti,Asuli,17/08/2024,20:23 WIB,NASA-MODIS,High,-2.57711,121.38304
Sulawesi Selatan,LUWU TIMUR,Nuha,Sorowako,17/08/2024,12:46 WIB,NASA-MODIS,High,-2.57367,121.37743
Sulawesi Selatan,LUWU TIMUR,Nuha,Sorowako,18/08/2024,08:41 WIB,NASA-MODIS,High,-2.57663,121.39245
Sulawesi Selatan,LUWU TIMUR,Towuti,Asuli,18/08/2024,21:01 WIB,NASA-MODIS,High,-2.5753,121.37891
Sulawesi Tenggara,KONAWE,Routa,Tanggola,20/08/2024,13:10 WIB,NASA-MODIS,High,-2.97335,121.65077
Sulawesi Selatan,LUWU TIMUR,Nuha,Sorowako,20/08/2024,20:44 WIB,NASA-MODIS,High,-2.57137,121.38125
Sulawesi Selatan,LUWU TIMUR,Towuti,Asuli,20/08/2024,20:44 WIB,NASA-MODIS,High,-2.58037,121.38261
Sulawesi Selatan,LUWU TIMUR,Towuti,Tokalimbo,20/08/2024,20:44 WIB,NASA-MODIS,High,-2.94459,121.47785
Sulawesi Selatan,LUWU TIMUR,Towuti,Asuli,24/08/2024,20:06 WIB,NASA-MODIS,High,-2.57999,121.372
Sulawesi Selatan,TAKALAR,Polombangkeng Utara,Barugaya,25/08/2024,20:46 WIB,NASA-MODIS,High,-5.36359,119.55309
Sulawesi Selatan,TAKALAR,Polombangkeng Utara,Barugaya,26/08/2024,13:16 WIB,NASA-NOAA20,High,-5.35495,119.53286
Sulawesi Selatan,TAKALAR,Polombangkeng Utara,Kampung Beru,26/08/2024,13:16 WIB,NASA-NOAA20,High,-5.34866,119.53181
Sulawesi Selatan,TAKALAR,Polombangkeng Utara,Timbuseng,01/09/2024,13:01 WIB,NASA-NOAA20,High,-5.36929,119.51096
Sulawesi Selatan,LUWU TIMUR,Nuha,Sorowako,01/09/2024,20:33 WIB,NASA-MODIS,High,-2.57503,121.38795
Sulawesi Tenggara,KONAWE,Morosi,Tondowatu,01/09/2024,20:33 WIB,NASA-MODIS,High,-3.87126,122.4031
Sulawesi Selatan,LUWU TIMUR,Towuti,Asuli,01/09/2024,20:33 WIB,NASA-MODIS,High,-2.57628,121.37897
Sulawesi Tengah,TOJO UNA UNA,Ulubongka,Kasiala,04/09/2024,13:27 WIB,NASA-MODIS,High,-1.28191,121.64656
Sulawesi Selatan,TAKALAR,Polombangkeng Utara,Barugaya,04/09/2024,20:55 WIB,NASA-MODIS,High,-5.37656,119.55788
Sulawesi Selatan,LUWU TIMUR,Nuha,Sorowako,06/09/2024,13:10 WIB,NASA-MODIS,High,-2.56859,121.3821
Sulawesi Tenggara,MUNA,Kabawo,Bente,07/09/2024,12:50 WIB,NASA-NOAA20,High,-5.00967,122.45778
Sulawesi Selatan,LUWU TIMUR,Towuti,Asuli,09/09/2024,08:41 WIB,NASA-MODIS,High,-2.57642,121.38318
Sulawesi Barat,MAMUJU,Kalumpang,Polio,10/09/2024,11:53 WIB,NASA-NOAA20,High,-2.39407,119.64641
Sulawesi Tengah,TOJO UNA UNA,Ulubongka,Mire,11/09/2024,11:36 WIB,NASA-NOAA20,High,-1.13291,121.42419
Sulawesi Barat,MAMUJU,Kalumpang,Makkaliki,11/09/2024,13:14 WIB,NASA-MODIS,High,-2.50955,119.56569
Sulawesi Selatan,BARRU,Pujananting,Bulo Bulo,11/09/2024,13:16 WIB,NASA-NOAA20,High,-4.78728,119.71268
Sulawesi Selatan,LUWU TIMUR,Towuti,Asuli,11/09/2024,11:36 WIB,NASA-NOAA20,High,-2.57693,121.38055
Sulawesi Barat,MAMUJU TENGAH,Topoyo,Salulekbo,11/09/2024,11:36 WIB,NASA-NOAA20,High,-2.0403,119.5228
Sulawesi Selatan,LUWU TIMUR,Nuha,Sorowako,11/09/2024,08:24 WIB,NASA-MODIS,High,-2.57745,121.38695
Sulawesi Tengah,MOROWALI UTARA,Bungku Utara,Matube,11/09/2024,11:36 WIB,NASA-NOAA20,High,-1.87005,121.53352
Sulawesi Tengah,BANGGAI,Pagimana,Baloa Doda,11/09/2024,11:36 WIB,NASA-NOAA20,High,-0.97229,122.43016
Sulawesi Selatan,LUWU TIMUR,Towuti,Mahalona,11/09/2024,13:14 WIB,NASA-MODIS,High,-2.53624,121.60898
Sulawesi Selatan,LUWU TIMUR,Malili,Tarabbi,12/09/2024,12:55 WIB,NASA-NOAA20,High,-2.52613,120.99941
Sulawesi Tengah,POSO,Pamona Selatan,Pasir Putih,12/09/2024,12:57 WIB,NASA-NOAA20,High,-2.06096,120.71292
Sulawesi Selatan,LUWU TIMUR,Towuti,Asuli,12/09/2024,12:55 WIB,NASA-NOAA20,High,-2.57759,121.38067
Sulawesi Tenggara,BOMBANA,Poleang Barat,Analere,12/09/2024,12:55 WIB,NASA-NOAA20,High,-4.61913,121.64582
Sulawesi Tengah,TOJO UNA UNA,Tojo,Betaua,12/09/2024,12:57 WIB,NASA-NOAA20,High,-1.42149,121.22337
Sulawesi Tengah,SIGI,Kulawi,Winatu,12/09/2024,12:57 WIB,NASA-NOAA20,High,-1.55567,119.98097
Sulawesi Selatan,LUWU TIMUR,Towuti,Asuli,13/09/2024,23:39 WIB,NASA-NOAA20,High,-2.57743,121.37346
Sulawesi Tenggara,KONAWE,Routa,Puuwiwirano,13/09/2024,12:55 WIB,NASA-MODIS,High,-3.00735,121.6789
Sulawesi Selatan,LUWU TIMUR,Nuha,Sorowako,14/09/2024,01:17 WIB,NASA-MODIS,High,-2.57348,121.37996
Sulawesi Barat,POLEWALI MANDAR,Tutar,Piriang Tapiko,15/09/2024,11:59 WIB,NASA-NOAA20,High,-3.16334,118.96486
Sulawesi Selatan,LUWU TIMUR,Nuha,Sorowako,15/09/2024,20:06 WIB,NASA-MODIS,High,-2.56296,121.3777
Sulawesi Tenggara,KONAWE SELATAN,Angata,Puao,16/09/2024,11:40 WIB,NASA-NOAA20,High,-4.18099,122.16818
Sulawesi Tengah,POSO,Lore Piore,Watutau,16/09/2024,13:18 WIB,NASA-MODIS,High,-1.5331,120.34908
Sulawesi Selatan,LUWU TIMUR,Nuha,Sorowako,16/09/2024,13:18 WIB,NASA-MODIS,High,-2.57393,121.37329
Sulawesi Selatan,LUWU TIMUR,Towuti,Asuli,16/09/2024,08:26 WIB,NASA-MODIS,High,-2.58241,121.37707
Sulawesi Tenggara,KOTA KENDARI,Poasia,Kelurahan Andonohu,16/09/2024,11:40 WIB,NASA-NOAA20,High,-4.06149,122.56579
Sulawesi Tenggara,BOMBANA,Mata Usu,Morengke,17/09/2024,13:01 WIB,NASA-NOAA20,High,-4.45774,121.79491
Sulawesi Tenggara,MUNA BARAT,Tiworo Kepulauan,Wandoke,18/09/2024,12:44 WIB,NASA-NOAA20,High,-4.81589,122.45905
Sulawesi Selatan,LUWU UTARA,Seko,Embonatana,20/09/2024,12:06 WIB,NASA-NOAA20,High,-2.33922,119.84212
Sulawesi Selatan,LUWU TIMUR,Nuha,Sorowako,21/09/2024,20:53 WIB,NASA-MODIS,High,-2.57501,121.38242
Sulawesi Tenggara,KOLAKA,Watubangga,Mataosu Ujung,21/09/2024,11:46 WIB,NASA-NOAA20,High,-4.41351,121.77551
Sulawesi Tengah,MOROWALI UTARA,Mori Atas,Kolaka,21/09/2024,11:49 WIB,NASA-NOAA20,High,-2.09406,121.12448
Sulawesi Selatan,LUWU TIMUR,Towuti,Asuli,21/09/2024,01:04 WIB,NASA-MODIS,High,-2.58101,121.3868
Sulawesi Tenggara,BOMBANA,Lantari Jaya,Lambikasi,22/09/2024,13:08 WIB,NASA-NOAA20,High,-4.57735,121.98124
Sulawesi Selatan,LUWU TIMUR,Towuti,Asuli,23/09/2024,08:13 WIB,NASA-MODIS,High,-2.58235,121.38003
Sulawesi Tengah,SIGI,Pipikoro,Koja,23/09/2024,13:05 WIB,NASA-MODIS,High,-1.69065,119.95551
Sulawesi Tengah,MOROWALI UTARA,Petasia,Tanauge,23/09/2024,13:05 WIB,NASA-MODIS,High,-2.00653,121.43193
Sulawesi Selatan,LUWU TIMUR,Towuti,Asuli,24/09/2024,01:26 WIB,NASA-MODIS,High,-2.58604,121.38419
Sulawesi Tenggara,MUNA BARAT,Wadaga,Lakanaha,27/09/2024,11:34 WIB,NASA-NOAA20,High,-4.86739,122.50578
Sulawesi Selatan,LUWU TIMUR,Towuti,Asuli,28/09/2024,12:55 WIB,NASA-NOAA20,High,-2.57778,121.38175
Sulawesi Selatan,LUWU TIMUR,Towuti,Asuli,29/09/2024,23:39 WIB,NASA-NOAA20,High,-2.57685,121.37272
Sulawesi Selatan,LUWU TIMUR,Nuha,Sorowako,29/09/2024,01:32 WIB,NASA-MODIS,High,-2.5729,121.37938
Sulawesi Selatan,LUWU TIMUR,Towuti,Asuli,30/09/2024,20:18 WIB,NASA-MODIS,High,-2.5804,121.37032
Sulawesi Tenggara,MUNA,Bone,Bhone Kainsetala,30/09/2024,12:53 WIB,NASA-MODIS,High,-5.14628,122.45547
Sulawesi Selatan,LUWU TIMUR,Nuha,Sorowako,01/10/2024,01:13 WIB,NASA-MODIS,High,-2.56889,121.37714
Sulawesi Selatan,LUWU TIMUR,Towuti,Asuli,01/10/2024,20:59 WIB,NASA-MODIS,High,-2.57913,121.3764
Sulawesi Selatan,LUWU TIMUR,Nuha,Sorowako,03/10/2024,00:54 WIB,NASA-MODIS,High,-2.57574,121.38333
Sulawesi Tenggara,KONAWE,Morosi,Porara,03/10/2024,20:42 WIB,NASA-MODIS,High,-3.87171,122.40366
Sulawesi Selatan,LUWU TIMUR,Towuti,Tokalimbo,05/10/2024,12:57 WIB,NASA-MODIS,High,-2.93934,121.34004
Sulawesi Selatan,LUWU TIMUR,Nuha,Sorowako,05/10/2024,20:23 WIB,NASA-MODIS,High,-2.57505,121.37341
Sulawesi Selatan,LUWU TIMUR,Towuti,Asuli,05/10/2024,23:28 WIB,NASA-NOAA20,High,-2.57594,121.37159
Sulawesi Selatan,LUWU TIMUR,Towuti,Wawondula,06/10/2024,01:17 WIB,NASA-MODIS,High,-2.6388,121.37389
Sulawesi Tenggara,KOLAKA,Watubangga,Kastura,06/10/2024,21:01 WIB,NASA-MODIS,High,-4.47823,121.64438
Sulawesi Selatan,LUWU TIMUR,Nuha,Sorowako,06/10/2024,13:37 WIB,NASA-MODIS,High,-2.55855,121.37684
Sulawesi Selatan,LUWU TIMUR,Towuti,Asuli,06/10/2024,08:43 WIB,NASA-MODIS,High,-2.58249,121.38351
Sulawesi Tengah,MOROWALI UTARA,Mori Atas,Saemba,07/10/2024,11:46 WIB,NASA-NOAA20,High,-2.04206,120.85957
Sulawesi Tengah,TOJO UNA UNA,Ulubongka,Kasiala,07/10/2024,12:40 WIB,NASA-MODIS,High,-1.34928,121.6451
Sulawesi Tengah,POSO,Pamona Selatan,Boe,07/10/2024,11:46 WIB,NASA-NOAA20,High,-2.07998,120.63885
Sulawesi Barat,MAMUJU,Kalumpang,Sandapang,08/10/2024,13:18 WIB,NASA-MODIS,High,-2.34529,119.6071
Sulawesi Tengah,MOROWALI UTARA,Mamosalato,Lijo,08/10/2024,13:18 WIB,NASA-MODIS,High,-1.39885,121.91864
Sulawesi Selatan,LUWU TIMUR,Towuti,Asuli,08/10/2024,00:58 WIB,NASA-MODIS,High,-2.60609,121.36983
Sulawesi Tenggara,KOTA BAU BAU,Sorawolio,Kelurahan Kaisabu Baru,09/10/2024,12:50 WIB,NASA-NOAA20,High,-5.4472,122.67281
Sulawesi Tengah,MOROWALI UTARA,Bungku Utara,Taronggo,10/10/2024,12:59 WIB,NASA-MODIS,High,-1.49888,121.56448
Sulawesi Selatan,LUWU TIMUR,Towuti,Asuli,10/10/2024,23:35 WIB,NASA-NOAA20,High,-2.57969,121.37321
Sulawesi Selatan,LUWU TIMUR,Towuti,Asuli,11/10/2024,01:21 WIB,NASA-MODIS,High,-2.60246,121.37787
Sulawesi Tengah,BANGGAI,Bualemo,Nipa Kalemoan,13/10/2024,08:30 WIB,NASA-MODIS,High,-0.60436,123.22041
Sulawesi Tenggara,BUTON,Pasarwajo,Waangu-Angu,13/10/2024,11:34 WIB,NASA-NOAA20,High,-5.44892,122.77208
Sulawesi Selatan,LUWU TIMUR,Towuti,Asuli,13/10/2024,01:04 WIB,NASA-MODIS,High,-2.61041,121.3764
Sulawesi Selatan,LUWU TIMUR,Nuha,Sorowako,15/10/2024,13:03 WIB,NASA-MODIS,High,-2.57111,121.37717
Sulawesi Selatan,LUWU TIMUR,Towuti,Asuli,17/10/2024,20:12 WIB,NASA-MODIS,High,-2.57758,121.37107
Sulawesi Selatan,LUWU TIMUR,Nuha,Sorowako,17/10/2024,20:12 WIB,NASA-MODIS,High,-2.5753,121.38766
Sulawesi Tenggara,KONAWE UTARA,Asera,Alaa Wanggudu,18/10/2024,13:25 WIB,NASA-MODIS,High,-3.47022,122.12117
Sulawesi Tenggara,BUTON UTARA,Kulisusu Barat,Lambale,18/10/2024,11:40 WIB,NASA-NOAA20,High,-4.68614,123.03441
Sulawesi Tenggara,BUTON UTARA,Kulisusu Barat,Lapandewa,18/10/2024,11:40 WIB,NASA-NOAA20,High,-4.65528,123.0698
Sulawesi Tenggara,BUTON,Lasalimu,Talaga Baru,18/10/2024,11:40 WIB,NASA-NOAA20,High,-5.19406,123.08535
Sulawesi Tenggara,MUNA BARAT,Lawa,Lagadi,18/10/2024,11:40 WIB,NASA-NOAA20,High,-4.90401,122.62433
Sulawesi Selatan,LUWU TIMUR,Towuti,Asuli,18/10/2024,08:34 WIB,NASA-MODIS,High,-2.58194,121.37634
Sulawesi Tenggara,KONAWE SELATAN,Baito,Matabubu,19/10/2024,13:01 WIB,NASA-NOAA20,High,-4.28293,122.2923
Sulawesi Tenggara,KOLAKA,Watubangga,Kastura,19/10/2024,13:01 WIB,NASA-NOAA20,High,-4.47927,121.65891
Sulawesi Tenggara,BOMBANA,Lantari Jaya,Lantari,19/10/2024,13:01 WIB,NASA-NOAA20,High,-4.58429,122.00397
Sulawesi Selatan,SIDENRENG RAPPANG,Watang Pulu,Mattirotasi,19/10/2024,13:01 WIB,NASA-NOAA20,High,-3.99516,119.71181
Sulawesi Selatan,LUWU TIMUR,Towuti,Asuli,19/10/2024,13:03 WIB,NASA-NOAA20,High,-2.58038,121.3793
Sulawesi Tenggara,KOLAKA,Watubangga,Mataosu,19/10/2024,13:01 WIB,NASA-NOAA20,High,-4.44344,121.7243
Sulawesi Selatan,KEPULAUAN SELAYAR,Bontosikuyu,Patilereng,19/10/2024,13:01 WIB,NASA-NOAA20,High,-6.22199,120.49567
Sulawesi Tenggara,BOMBANA,Lantari Jaya,Tinabite,20/10/2024,13:08 WIB,NASA-MODIS,High,-4.57948,121.90394
Sulawesi Tengah,MOROWALI UTARA,Petasia Timur,Peboa,20/10/2024,13:10 WIB,NASA-MODIS,High,-2.15155,121.41843
Sulawesi Tenggara,BUTON UTARA,Kulisusu Barat,Lapandewa,20/10/2024,13:08 WIB,NASA-MODIS,High,-4.66084,123.07142
Sulawesi Tenggara,BOMBANA,Rumbia,Kelurahan Lameroro,20/10/2024,13:08 WIB,NASA-MODIS,High,-4.73932,122.00854
Sulawesi Tengah,MOROWALI UTARA,Bungku Utara,Matube,20/10/2024,13:10 WIB,NASA-MODIS,High,-1.8403,121.58877
Sulawesi Tenggara,KOLAKA,Polinggona,Plasma Jaya,20/10/2024,13:08 WIB,NASA-MODIS,High,-4.43897,121.73193
Sulawesi Selatan,LUWU TIMUR,Nuha,Sorowako,20/10/2024,00:49 WIB,NASA-MODIS,High,-2.5762,121.38708
Sulawesi Selatan,LUWU TIMUR,Towuti,Asuli,20/10/2024,13:08 WIB,NASA-MODIS,High,-2.57926,121.3829
Sulawesi Tengah,BANGGAI,Mantoh,Sulubombong,20/10/2024,12:44 WIB,NASA-NOAA20,High,-0.9956,123.33692
Sulawesi Tenggara,BUTON UTARA,Kulisusu Barat,Lauki,21/10/2024,12:23 WIB,NASA-NOAA20,High,-4.69742,122.99732
Sulawesi Selatan,LUWU TIMUR,Towuti,Asuli,21/10/2024,08:56 WIB,NASA-MODIS,High,-2.58025,121.38294
Sulawesi Selatan,KEPULAUAN SELAYAR,Pasimarannu,Lambego,21/10/2024,12:23 WIB,NASA-NOAA20,High,-7.30392,121.05984
Sulawesi Tengah,MOROWALI,Bahodopi,Labota,22/10/2024,12:06 WIB,NASA-NOAA20,High,-2.84292,122.17475
Sulawesi Selatan,LUWU TIMUR,Towuti,Asuli,22/10/2024,12:50 WIB,NASA-MODIS,High,-2.58533,121.36907
Sulawesi Tenggara,KONAWE UTARA,Motui,Sama Subur,23/10/2024,01:11 WIB,NASA-MODIS,High,-3.86469,122.40645
Sulawesi Tengah,MOROWALI UTARA,Mori Atas,Peonea,23/10/2024,11:46 WIB,NASA-NOAA20,High,-1.99075,121.09965
Sulawesi Selatan,LUWU TIMUR,Malili,Ussu,23/10/2024,11:46 WIB,NASA-NOAA20,High,-2.59563,121.12486
Sulawesi Selatan,LUWU TIMUR,Towuti,Mahalona,23/10/2024,13:29 WIB,NASA-MODIS,High,-2.53137,121.57176
Sulawesi Tengah,TOJO UNA UNA,Ampana Tete,Wanasari,23/10/2024,11:46 WIB,NASA-NOAA20,High,-1.3889,121.98412
Sulawesi Tenggara,BUTON,Lasalimu,Wasambaa,23/10/2024,11:46 WIB,NASA-NOAA20,High,-5.25432,123.08454
Sulawesi Selatan,LUWU TIMUR,Towuti,Asuli,23/10/2024,01:11 WIB,NASA-MODIS,High,-2.57597,121.37885
Sulawesi Utara,BOLAANG MONGONDOW,Dumoga Barat,Toraut Utara,24/10/2024,11:29 WIB,NASA-NOAA20,High,0.57004,123.86513
Sulawesi Tengah,MOROWALI UTARA,Mamosalato,Menyo'e,24/10/2024,11:29 WIB,NASA-NOAA20,High,-1.42412,121.66251
Sulawesi Tengah,MOROWALI UTARA,Mamosalato,Uepakatu,24/10/2024,11:29 WIB,NASA-NOAA20,High,-1.46805,121.81234
Sulawesi Tengah,MOROWALI UTARA,Bungku Utara,Uempanapa,24/10/2024,11:29 WIB,NASA-NOAA20,High,-1.65047,121.74729
Sulawesi Tengah,BANGGAI,Kintom,Dimpalon,24/10/2024,11:29 WIB,NASA-NOAA20,High,-1.11078,122.63683
Sulawesi Tengah,MOROWALI UTARA,Mamosalato,Lijo,25/10/2024,13:12 WIB,NASA-MODIS,High,-1.41724,121.93141
Sulawesi Selatan,LUWU TIMUR,Towuti,Loeha,25/10/2024,13:12 WIB,NASA-MODIS,High,-2.75772,121.65879
Sulawesi Tengah,MOROWALI UTARA,Mamosalato,Uepakatu,25/10/2024,13:12 WIB,NASA-MODIS,High,-1.47458,121.86528
Sulawesi Tengah,TOLI TOLI,Lampasio,Janja,25/10/2024,13:12 WIB,NASA-MODIS,High,0.8769,120.83159
Sulawesi Tengah,TOJO UNA UNA,Ampana Tete,Giri Mulyo,25/10/2024,12:50 WIB,NASA-NOAA20,High,-1.29003,121.97193
Sulawesi Tenggara,BUTON,Lasalimu Selatan,Umalaoge,25/10/2024,12:50 WIB,NASA-NOAA20,High,-5.26561,123.18404
Sulawesi Tenggara,BUTON,Lasalimu,Lasembangi,25/10/2024,12:50 WIB,NASA-NOAA20,High,-5.21379,123.04732
Sulawesi Tenggara,KONAWE UTARA,Oheo,Sambandete,25/10/2024,13:12 WIB,NASA-MODIS,High,-3.36843,122.09171
Sulawesi Selatan,LUWU TIMUR,Towuti,Asuli,25/10/2024,13:12 WIB,NASA-MODIS,High,-2.58731,121.37183
Sulawesi Tengah,POSO,Pamona Tenggara,Barati,25/10/2024,13:12 WIB,NASA-MODIS,High,-1.99165,120.83545
Sulawesi Tengah,MOROWALI UTARA,Mamosalato,Winangobino,25/10/2024,12:50 WIB,NASA-NOAA20,High,-1.55642,121.95019
Sulawesi Selatan,LUWU TIMUR,Nuha,Sorowako,25/10/2024,20:40 WIB,NASA-MODIS,High,-2.57531,121.37456
Sulawesi Barat,MAMUJU,Bonehau,Bonehau,25/10/2024,13:12 WIB,NASA-MODIS,High,-2.56841,119.29191
Sulawesi Tenggara,KONAWE SELATAN,Angata,Lamooso,25/10/2024,12:50 WIB,NASA-NOAA20,High,-4.13799,122.18065
Sulawesi Tengah,MOROWALI UTARA,Bungku Utara,Tokonanaka,25/10/2024,12:50 WIB,NASA-NOAA20,High,-1.77499,121.56886
Sulawesi Tengah,TOJO UNA UNA,Ulubongka,Bongkakoy,25/10/2024,13:12 WIB,NASA-MODIS,High,-1.08821,121.40623
Sulawesi Tengah,MOROWALI UTARA,Mamosalato,Sea,25/10/2024,12:50 WIB,NASA-NOAA20,High,-1.47718,121.87165
Sulawesi Tenggara,BUTON,Wolowa,Galanti,25/10/2024,12:50 WIB,NASA-NOAA20,High,-5.39672,122.92035
Sulawesi Tenggara,MUNA,Tongkuno,Kotano Wuna,27/10/2024,12:12 WIB,NASA-NOAA20,High,-5.00033,122.65642
Sulawesi Selatan,LUWU TIMUR,Towuti,Asuli,28/10/2024,20:59 WIB,NASA-MODIS,High,-2.58385,121.37936
Sulawesi Selatan,LUWU TIMUR,Nuha,Sorowako,28/10/2024,20:59 WIB,NASA-MODIS,High,-2.57103,121.37685
Sulawesi Barat,MAMASA,Mehalaan,Kondo,28/10/2024,11:53 WIB,NASA-NOAA20,High,-3.08797,119.16187
Sulawesi Tengah,MOROWALI UTARA,Mamosalato,Menyo'e,29/10/2024,11:36 WIB,NASA-NOAA20,High,-1.39326,121.62139
Sulawesi Tenggara,KOLAKA,Watubangga,Kastura,29/10/2024,11:34 WIB,NASA-NOAA20,High,-4.4804,121.64634
Sulawesi Selatan,LUWU TIMUR,Nuha,Sorowako,29/10/2024,01:53 WIB,NASA-MODIS,High,-2.58558,121.39797
Sulawesi Selatan,LUWU TIMUR,Towuti,Asuli,29/10/2024,11:36 WIB,NASA-NOAA20,High,-2.57809,121.38125
Sulawesi Tengah,MOROWALI UTARA,Bungku Utara,Salubiro,29/10/2024,11:36 WIB,NASA-NOAA20,High,-1.44362,121.75671
Sulawesi Selatan,LUWU TIMUR,Towuti,Pekaloa,29/10/2024,11:36 WIB,NASA-NOAA20,High,-2.59883,121.4516
Sulawesi Tenggara,BOMBANA,Poleang Tengah,Lebo Ea,30/10/2024,13:14 WIB,NASA-MODIS,High,-4.74754,121.62248
Sulawesi Tengah,TOJO UNA UNA,Ulubongka,Kasiala,30/10/2024,13:14 WIB,NASA-MODIS,High,-1.35213,121.68246
Sulawesi Selatan,LUWU TIMUR,Nuha,Sorowako,30/10/2024,20:42 WIB,NASA-MODIS,High,-2.57488,121.36975
Sulawesi Tengah,TOJO UNA UNA,Ampana Tete,Mantangisi,30/10/2024,13:14 WIB,NASA-MODIS,High,-0.94872,121.67062
Sulawesi Selatan,LUWU TIMUR,Towuti,Asuli,30/10/2024,20:42 WIB,NASA-MODIS,High,-2.58271,121.38103
Sulawesi Tengah,MOROWALI,Bungku Timur,Bahomotefe,30/10/2024,13:14 WIB,NASA-MODIS,High,-2.7626,121.95123
Sulawesi Selatan,BONE,Libureng,Kelurahan Ceppaga,30/10/2024,20:42 WIB,NASA-MODIS,High,-4.82646,120.1041
Sulawesi Tengah,MOROWALI UTARA,Bungku Utara,Salubiro,30/10/2024,13:14 WIB,NASA-MODIS,High,-1.57972,121.76953
Sulawesi Tenggara,KONAWE SELATAN,Laeya,Labokeo,30/10/2024,13:14 WIB,NASA-MODIS,High,-4.40882,122.49783
Sulawesi Tenggara,BOMBANA,Poleang Tengah,Paria,30/10/2024,13:14 WIB,NASA-MODIS,High,-4.74626,121.63139
Sulawesi Selatan,LUWU TIMUR,Towuti,Asuli,04/11/2024,13:18 WIB,NASA-MODIS,High,-2.57733,121.37295
Sulawesi Selatan,LUWU TIMUR,Towuti,Asuli,06/11/2024,00:43 WIB,NASA-MODIS,High,-2.58558,121.37916
Sulawesi Selatan,LUWU TIMUR,Towuti,Asuli,07/11/2024,01:21 WIB,NASA-MODIS,High,-2.58767,121.3761
Sulawesi Selatan,LUWU TIMUR,Towuti,Asuli,08/11/2024,20:10 WIB,NASA-MODIS,High,-2.58387,121.37861
Sulawesi Tengah,BANGGAI,Moilong,Saluan,09/11/2024,01:02 WIB,NASA-MODIS,High,-1.46724,122.38642
Sulawesi Tengah,MOROWALI UTARA,Mamosalato,Kolo Atas,09/11/2024,13:22 WIB,NASA-MODIS,High,-1.59207,121.86174
Sulawesi Tenggara,KONAWE UTARA,Asera,Amorome Utama,09/11/2024,13:20 WIB,NASA-MODIS,High,-3.52273,122.0404
Sulawesi Selatan,LUWU TIMUR,Nuha,Sorowako,09/11/2024,20:48 WIB,NASA-MODIS,High,-2.57315,121.37564
Sulawesi Selatan,LUWU TIMUR,Towuti,Asuli,09/11/2024,01:02 WIB,NASA-MODIS,High,-2.59544,121.37977
Sulawesi Tenggara,KONAWE UTARA,Andowia,Amolame,10/11/2024,12:50 WIB,NASA-NOAA20,High,-3.54806,122.1075
Sulawesi Selatan,LUWU TIMUR,Towuti,Asuli,10/11/2024,01:42 WIB,NASA-MODIS,High,-2.58496,121.38035
Sulawesi Tenggara,KONAWE SELATAN,Angata,Puulipu,10/11/2024,12:50 WIB,NASA-NOAA20,High,-4.1656,122.12481
Sulawesi Tengah,TOJO UNA UNA,Ulubongka,Rompi,10/11/2024,12:50 WIB,NASA-NOAA20,High,-1.08959,121.44617
Sulawesi Selatan,LUWU TIMUR,Nuha,Sorowako,12/11/2024,21:09 WIB,NASA-MODIS,High,-2.57331,121.37016
Sulawesi Selatan,LUWU TIMUR,Towuti,Asuli,13/11/2024,00:56 WIB,NASA-NOAA20,High,-2.57867,121.37125
Sulawesi Selatan,LUWU TIMUR,Towuti,Asuli,14/11/2024,20:52 WIB,NASA-MODIS,High,-2.57871,121.36803
Sulawesi Selatan,LUWU TIMUR,Towuti,Tokalimbo,15/11/2024,12:57 WIB,NASA-NOAA20,High,-2.94367,121.46262
Sulawesi Selatan,LUWU TIMUR,Nuha,Sorowako,16/11/2024,00:47 WIB,NASA-MODIS,High,-2.57419,121.38575
Sulawesi Tengah,MOROWALI UTARA,Bungku Utara,Matube,16/11/2024,13:05 WIB,NASA-MODIS,High,-1.8432,121.5535
Sulawesi Selatan,LUWU TIMUR,Towuti,Asuli,16/11/2024,23:39 WIB,NASA-NOAA20,High,-2.57792,121.37441
Sulawesi Selatan,LUWU TIMUR,Nuha,Sorowako,17/11/2024,21:14 WIB,NASA-MODIS,High,-2.57339,121.36099
Sulawesi Selatan,LUWU TIMUR,Towuti,Asuli,18/11/2024,20:14 WIB,NASA-MODIS,High,-2.57636,121.36771
Sulawesi Selatan,LUWU TIMUR,Nuha,Sorowako,18/11/2024,20:14 WIB,NASA-MODIS,High,-2.57449,121.38154
Sulawesi Selatan,LUWU TIMUR,Towuti,Asuli,19/11/2024,08:36 WIB,NASA-MODIS,High,-2.58179,121.38068
Sulawesi Tengah,MOROWALI UTARA,Petasia,Tanauge,19/11/2024,11:42 WIB,NASA-NOAA20,High,-2.01146,121.43432
Sulawesi Tenggara,BUTON UTARA,Kulisusu Barat,Lambale,19/11/2024,11:40 WIB,NASA-NOAA20,High,-4.64461,123.01083
Sulawesi Selatan,LUWU TIMUR,Nuha,Sorowako,19/11/2024,20:54 WIB,NASA-MODIS,High,-2.57217,121.38365
Sulawesi Tenggara,KONAWE SELATAN,Laeya,Labokeo,19/11/2024,11:40 WIB,NASA-NOAA20,High,-4.41309,122.49609
Sulawesi Tenggara,KONAWE UTARA,Landawe,Hialu,19/11/2024,11:40 WIB,NASA-NOAA20,High,-3.27078,122.17406
Sulawesi Tengah,MOROWALI UTARA,Mamosalato,Momo,21/11/2024,13:07 WIB,NASA-MODIS,High,-1.63303,121.90197
Sulawesi Selatan,LUWU TIMUR,Towuti,Asuli,21/11/2024,00:49 WIB,NASA-MODIS,High,-2.5788,121.38587
Sulawesi Selatan,LUWU TIMUR,Towuti,Asuli,22/11/2024,01:30 WIB,NASA-MODIS,High,-2.57632,121.38313
Sulawesi Selatan,LUWU TIMUR,Nuha,Sorowako,24/11/2024,01:10 WIB,NASA-MODIS,High,-2.56944,121.37933
Sulawesi Selatan,LUWU TIMUR,Towuti,Asuli,24/11/2024,00:47 WIB,NASA-NOAA20,High,-2.58245,121.37398
Sulawesi Selatan,LUWU TIMUR,Nuha,Sorowako,27/11/2024,01:32 WIB,NASA-MODIS,High,-2.57046,121.38242
Sulawesi Selatan,LUWU TIMUR,Towuti,Asuli,29/11/2024,13:31 WIB,NASA-MODIS,High,-2.58198,121.37514
Sulawesi Selatan,LUWU TIMUR,Towuti,Asuli,01/12/2024,20:42 WIB,NASA-MODIS,High,-2.57555,121.37915
Sulawesi Selatan,LUWU TIMUR,Towuti,Asuli,03/12/2024,20:25 WIB,NASA-MODIS,High,-2.58409,121.37563
Sulawesi Selatan,LUWU TIMUR,Nuha,Sorowako,03/12/2024,20:25 WIB,NASA-MODIS,High,-2.57477,121.37447
Sulawesi Selatan,LUWU TIMUR,Towuti,Asuli,04/12/2024,01:15 WIB,NASA-MODIS,High,-2.57658,121.377
Sulawesi Selatan,LUWU TIMUR,Towuti,Asuli,06/12/2024,08:26 WIB,NASA-MODIS,High,-2.57608,121.37737
Sulawesi Selatan,LUWU TIMUR,Towuti,Asuli,16/12/2024,13:16 WIB,NASA-MODIS,High,-2.58352,121.36728
Sulawesi Tengah,TOJO UNA UNA,Ulubongka,Uekambuno,21/12/2024,13:20 WIB,NASA-MODIS,High,-1.08905,121.45704
Sulawesi Selatan,LUWU TIMUR,Towuti,Asuli,23/12/2024,08:17 WIB,NASA-MODIS,High,-2.58696,121.3756
Sulawesi Selatan,LUWU TIMUR,Nuha,Sorowako,31/12/2024,01:04 WIB,NASA-MODIS,High,-2.57431,121.38564
Sulawesi Selatan,LUWU TIMUR,Towuti,Asuli,02/01/2025,13:03 WIB,NASA-MODIS,High,-2.59242,121.38066
Sulawesi Tenggara,BOMBANA,Lantari Jaya,Lantari,05/01/2025,13:24 WIB,NASA-MODIS,High,-4.57427,122.02798
Sulawesi Selatan,LUWU TIMUR,Towuti,Asuli,07/01/2025,13:03 WIB,NASA-MODIS,High,-2.58478,121.37213
Sulawesi Selatan,LUWU TIMUR,Nuha,Sorowako,08/01/2025,01:25 WIB,NASA-MODIS,High,-2.57652,121.39233
Sulawesi Selatan,LUWU TIMUR,Towuti,Asuli,10/01/2025,13:24 WIB,NASA-MODIS,High,-2.57923,121.38058
Sulawesi Selatan,LUWU TIMUR,Towuti,Asuli,11/01/2025,00:47 WIB,NASA-NOAA20,High,-2.57717,121.38062
Sulawesi Selatan,LUWU TIMUR,Nuha,Sorowako,14/01/2025,23:34 WIB,NASA-NOAA20,High,-2.57091,121.37961
Sulawesi Selatan,LUWU TIMUR,Towuti,Asuli,14/01/2025,23:34 WIB,NASA-NOAA20,High,-2.57683,121.3784
Sulawesi Selatan,LUWU TIMUR,Nuha,Sorowako,15/01/2025,01:06 WIB,NASA-MODIS,High,-2.56732,121.38693
Sulawesi Selatan,LUWU TIMUR,Towuti,Asuli,15/01/2025,13:24 WIB,NASA-MODIS,High,-2.58267,121.38252
Sulawesi Selatan,LUWU TIMUR,Nuha,Sorowako,21/01/2025,01:47 WIB,NASA-MODIS,High,-2.56829,121.38361
Sulawesi Selatan,LUWU TIMUR,Towuti,Asuli,21/01/2025,01:02 WIB,NASA-NOAA20,High,-2.57705,121.37818
Sulawesi Selatan,LUWU TIMUR,Nuha,Sorowako,29/01/2025,08:13 WIB,NASA-MODIS,High,-2.57206,121.38149
Sulawesi Selatan,LUWU TIMUR,Nuha,Sorowako,08/02/2025,08:19 WIB,NASA-MODIS,High,-2.57521,121.3882
Sulawesi Selatan,LUWU TIMUR,Towuti,Asuli,08/02/2025,08:19 WIB,NASA-MODIS,High,-2.57387,121.37901
Sulawesi Tengah,BANGGAI,Moilong,Selamet Raharjo,10/02/2025,20:18 WIB,NASA-MODIS,High,-1.43877,122.38512
Sulawesi Selatan,LUWU TIMUR,Nuha,Sorowako,11/02/2025,13:09 WIB,NASA-MODIS,High,-2.57444,121.38144
Sulawesi Selatan,LUWU TIMUR,Towuti,Asuli,13/02/2025,20:40 WIB,NASA-MODIS,High,-2.58042,121.37741
Sulawesi Selatan,LUWU TIMUR,Nuha,Sorowako,13/02/2025,20:40 WIB,NASA-MODIS,High,-2.57879,121.38894
Sulawesi Tengah,TOJO UNA UNA,Ulubongka,Uematopa,14/02/2025,13:29 WIB,NASA-MODIS,High,-1.29347,121.80684
Sulawesi Selatan,LUWU TIMUR,Nuha,Sorowako,15/02/2025,01:49 WIB,NASA-MODIS,High,-2.5752,121.38624
Sulawesi Selatan,LUWU TIMUR,Towuti,Asuli,19/02/2025,13:29 WIB,NASA-MODIS,High,-2.58192,121.38529
Sulawesi Selatan,LUWU TIMUR,Towuti,Asuli,25/02/2025,08:06 WIB,NASA-MODIS,High,-2.58272,121.38284
Sulawesi Selatan,LUWU TIMUR,Towuti,Asuli,01/03/2025,19:46 WIB,NASA-MODIS,High,-2.58177,121.38436
Sulawesi Selatan,LUWU TIMUR,Towuti,Asuli,04/03/2025,20:08 WIB,NASA-MODIS,High,-2.57408,121.37894
Sulawesi Selatan,LUWU TIMUR,Nuha,Sorowako,06/03/2025,01:10 WIB,NASA-MODIS,High,-2.57605,121.39622
Sulawesi Selatan,LUWU TIMUR,Towuti,Asuli,09/03/2025,20:08 WIB,NASA-MODIS,High,-2.57883,121.38176
Sulawesi Selatan,LUWU TIMUR,Towuti,Asuli,11/03/2025,00:41 WIB,NASA-NOAA20,High,-2.57774,121.38066
Sulawesi Selatan,LUWU TIMUR,Nuha,Sorowako,11/03/2025,01:09 WIB,NASA-MODIS,High,-2.57849,121.3933
Sulawesi Selatan,LUWU TIMUR,Towuti,Asuli,12/03/2025,08:11 WIB,NASA-MODIS,High,-2.57807,121.3792
Sulawesi Selatan,LUWU TIMUR,Nuha,Sorowako,12/03/2025,20:29 WIB,NASA-MODIS,High,-2.57784,121.39003
Sulawesi Tengah,MOROWALI,Bungku Barat,Tondo,15/03/2025,12:06 WIB,NASA-NOAA20,High,-2.27194,121.76611
Sulawesi Selatan,LUWU TIMUR,Towuti,Asuli,16/03/2025,13:29 WIB,NASA-MODIS,High,-2.57906,121.37782
Sulawesi Tenggara,BOMBANA,Lantari Jaya,Watu-watu,16/03/2025,13:27 WIB,NASA-MODIS,High,-4.52679,122.01326
Sulawesi Tengah,BANGGAI,Batui Selatan,Gori-Gori,16/03/2025,13:29 WIB,NASA-MODIS,High,-1.38173,122.43007
Sulawesi Selatan,LUWU TIMUR,Nuha,Sorowako,21/03/2025,01:09 WIB,NASA-MODIS,High,-2.56294,121.3895
Sulawesi Selatan,LUWU TIMUR,Towuti,Asuli,21/03/2025,13:27 WIB,NASA-MODIS,High,-2.58234,121.3846
Sulawesi Tengah,BANGGAI,Lobu,Uwe Daka-Daka,27/03/2025,11:42 WIB,NASA-NOAA20,High,-0.7992,122.53971
Sulawesi Selatan,LUWU TIMUR,Nuha,Sorowako,27/03/2025,08:17 WIB,NASA-MODIS,High,-2.57624,121.3838
Sulawesi Barat,PASANGKAYU,Bulu Taba,Ompi,28/03/2025,13:01 WIB,NASA-NOAA20,High,-1.46679,119.49256
Sulawesi Tenggara,KOLAKA,Tanggetada,Pewisoa Jaya,31/03/2025,13:25 WIB,NASA-MODIS,High,-4.35033,121.60382
Sulawesi Tengah,MOROWALI,Bahodopi,Labota,31/03/2025,12:06 WIB,NASA-NOAA20,High,-2.86325,122.16821
Sulawesi Selatan,LUWU TIMUR,Nuha,Sorowako,03/04/2025,07:58 WIB,NASA-MODIS,High,-2.58067,121.39
Sulawesi Selatan,LUWU TIMUR,Towuti,Asuli,03/04/2025,07:58 WIB,NASA-MODIS,High,-2.57827,121.37376
Sulawesi Selatan,LUWU TIMUR,Nuha,Sorowako,06/04/2025,20:38 WIB,NASA-MODIS,High,-2.57164,121.38162
Sulawesi Selatan,LUWU TIMUR,Towuti,Asuli,08/04/2025,01:26 WIB,NASA-MODIS,High,-2.58126,121.38431
Sulawesi Selatan,LUWU TIMUR,Nuha,Sorowako,08/04/2025,01:26 WIB,NASA-MODIS,High,-2.57243,121.38564
Sulawesi Tengah,MOROWALI UTARA,Petasia,Tanauge,08/04/2025,01:26 WIB,NASA-MODIS,High,-2.01136,121.41974
Sulawesi Selatan,LUWU TIMUR,Towuti,Asuli,13/04/2025,08:02 WIB,NASA-MODIS,High,-2.57814,121.37668
Sulawesi Selatan,LUWU TIMUR,Nuha,Sorowako,13/04/2025,20:18 WIB,NASA-MODIS,High,-2.57102,121.38393
Sulawesi Selatan,LUWU TIMUR,Towuti,Asuli,14/04/2025,08:39 WIB,NASA-MODIS,High,-2.57774,121.38446
Sulawesi Selatan,LUWU TIMUR,Nuha,Sorowako,15/04/2025,01:04 WIB,NASA-MODIS,High,-2.56986,121.37895
Sulawesi Selatan,LUWU TIMUR,Towuti,Asuli,20/04/2025,13:22 WIB,NASA-MODIS,High,-2.5784,121.37871
Sulawesi Selatan,LUWU TIMUR,Towuti,Asuli,28/04/2025,13:40 WIB,NASA-MODIS,High,-2.57758,121.37875
Sulawesi Selatan,LUWU TIMUR,Nuha,Sorowako,28/04/2025,13:40 WIB,NASA-MODIS,High,-2.57623,121.38792
Sulawesi Selatan,LUWU TIMUR,Towuti,Asuli,01/05/2025,08:24 WIB,NASA-MODIS,High,-2.57793,121.38397
Sulawesi Selatan,LUWU TIMUR,Towuti,Asuli,03/05/2025,08:05 WIB,NASA-MODIS,High,-2.5803,121.38089
Sulawesi Selatan,LUWU TIMUR,Towuti,Asuli,06/05/2025,23:35 WIB,NASA-NOAA20,High,-2.57733,121.37458
Sulawesi Selatan,LUWU TIMUR,Towuti,Asuli,08/05/2025,13:35 WIB,NASA-MODIS,High,-2.57934,121.37853
Sulawesi Selatan,LUWU TIMUR,Towuti,Asuli,11/05/2025,08:26 WIB,NASA-MODIS,High,-2.57553,121.37779
Sulawesi Selatan,LUWU TIMUR,Nuha,Sorowako,13/05/2025,20:25 WIB,NASA-MODIS,High,-2.57436,121.37637
Sulawesi Selatan,LUWU TIMUR,Towuti,Asuli,13/05/2025,20:25 WIB,NASA-MODIS,High,-2.58337,121.37775
Sulawesi Tengah,BANGGAI,Batui Selatan,Sinorang,13/05/2025,20:27 WIB,NASA-MODIS,High,-1.4353,122.40738
Sulawesi Selatan,LUWU TIMUR,Towuti,Asuli,16/05/2025,12:44 WIB,NASA-NOAA20,High,-2.57804,121.38003
Sulawesi Selatan,LUWU TIMUR,Towuti,Asuli,21/05/2025,08:28 WIB,NASA-MODIS,High,-2.5755,121.37576
Sulawesi Selatan,LUWU TIMUR,Towuti,Asuli,26/05/2025,13:48 WIB,NASA-MODIS,High,-2.5839,121.37686
Sulawesi Selatan,LUWU TIMUR,Towuti,Asuli,27/05/2025,23:39 WIB,NASA-NOAA20,High,-2.57729,121.3757
Sulawesi Selatan,LUWU TIMUR,Towuti,Asuli,28/05/2025,20:29 WIB,NASA-MODIS,High,-2.57726,121.37685
Sulawesi Selatan,LUWU TIMUR,Towuti,Asuli,29/05/2025,01:02 WIB,NASA-NOAA20,High,-2.57743,121.37589
Sulawesi Selatan,LUWU TIMUR,Towuti,Asuli,30/05/2025,20:08 WIB,NASA-MODIS,High,-2.57984,121.37464
Sulawesi Selatan,LUWU TIMUR,Towuti,Asuli,31/05/2025,13:46 WIB,NASA-MODIS,High,-2.5843,121.37362
