Provinsi,Kab Kota,Kecamatan,Desa,Tanggal,Waktu,Satelit,Confidence,Latitude,Longitude,Source File
Sulawesi Barat,MAMUJU TENGAH,Tobadak,Palongaan,2025-01-03,12:37 WIB,NASA-NOAA20,Medium,-2.1153,119.43042,barat.xlsx
Sulawesi Barat,MAMUJU TENGAH,Karossa,Kambunong,2025-01-03,12:37 WIB,NASA-NOAA20,Medium,-1.9778,119.31263,barat.xlsx
Sulawesi Barat,MAMUJU TENGAH,Topoyo,Salulekbo,2025-01-05,13:24 WIB,NASA-MODIS,Medium,-2.02943,119.41174,barat.xlsx
Sulawesi Barat,MAMUJU TENGAH,Karossa,Sanjango,2025-01-05,13:24 WIB,NASA-MODIS,Medium,-1.77873,119.49161,barat.xlsx
Sulawesi Barat,MAMUJU TENGAH,Tobadak,Batu Parigi,2025-01-05,08:41 WIB,NASA-MODIS,Medium,-2.05235,119.51183,barat.xlsx
Sulawesi Barat,MAMUJU TENGAH,Karossa,Kambunong,2025-01-08,12:44 WIB,NASA-NOAA20,Medium,-2.01876,119.37633,barat.xlsx
Sulawesi Barat,MAMUJU TENGAH,Topoyo,Tumbu,2025-01-09,12:27 WIB,NASA-NOAA20,Medium,-2.03137,119.21244,barat.xlsx
Sulawesi Barat,PASANGKAYU,Dapurang,Benggaulu,2025-01-09,12:27 WIB,NASA-NOAA20,Medium,-1.75072,119.47556,barat.xlsx
Sulawesi Barat,MAMUJU TENGAH,Karossa,Suka Maju,2025-01-09,12:27 WIB,NASA-NOAA20,Medium,-1.84728,119.42052,barat.xlsx
Sulawesi Barat,MAMUJU,Bonehau,Banuada,2025-02-13,13:09 WIB,NASA-NOAA20,Medium,-2.6188,119.26144,barat.xlsx
Sulawesi Barat,MAMUJU TENGAH,Topoyo,Salulekbo,2025-02-15,12:31 WIB,NASA-NOAA20,Medium,-2.02341,119.49384,barat.xlsx
Sulawesi Barat,MAMASA,Aralle,Panetean,2025-02-15,12:31 WIB,NASA-NOAA20,Medium,-2.85773,119.13931,barat.xlsx
Sulawesi Barat,MAMASA,Mambi,Salu Alo,2025-02-15,12:31 WIB,NASA-NOAA20,Medium,-2.99231,119.16782,barat.xlsx
Sulawesi Barat,MAMASA,Aralle,Uhaidaho,2025-02-15,12:31 WIB,NASA-NOAA20,Medium,-2.92746,119.12578,barat.xlsx
Sulawesi Barat,MAMASA,Buntumalangka,Ranteberan,2025-02-15,12:31 WIB,NASA-NOAA20,Medium,-2.81953,119.2115,barat.xlsx
Sulawesi Barat,MAMASA,Mehalaan,Mehalaan,2025-02-15,12:31 WIB,NASA-NOAA20,Medium,-3.02413,119.20454,barat.xlsx
Sulawesi Barat,MAMUJU TENGAH,Karossa,Sanjango,2025-02-15,12:31 WIB,NASA-NOAA20,Medium,-1.80214,119.5213,barat.xlsx
Sulawesi Barat,MAMASA,Mehalaan,Botteng,2025-02-15,12:31 WIB,NASA-NOAA20,Medium,-3.08029,119.16848,barat.xlsx
Sulawesi Barat,MAMASA,Tabulahan,Tampak Kurra,2025-02-15,12:31 WIB,NASA-NOAA20,Medium,-2.70864,119.18142,barat.xlsx
Sulawesi Barat,MAMUJU TENGAH,Karossa,Kambunong,2025-02-15,12:31 WIB,NASA-NOAA20,Medium,-2.02847,119.37021,barat.xlsx
Sulawesi Barat,MAMUJU,Kalumpang,Limbong,2025-02-15,12:31 WIB,NASA-NOAA20,Medium,-2.43926,119.54671,barat.xlsx
Sulawesi Barat,MAMUJU,Kalumpang,Karama,2025-02-15,12:31 WIB,NASA-NOAA20,Medium,-2.36941,119.62056,barat.xlsx
Sulawesi Barat,MAMUJU,Kalumpang,Tumoga,2025-02-15,12:31 WIB,NASA-NOAA20,Medium,-2.42434,119.59944,barat.xlsx
Sulawesi Barat,MAMUJU,Mamuju,Kelurahan Binanga,2025-02-15,12:31 WIB,NASA-NOAA20,Medium,-2.71903,118.91234,barat.xlsx
Sulawesi Barat,MAMUJU,Kalumpang,Siraun,2025-02-15,12:31 WIB,NASA-NOAA20,Medium,-2.57664,119.64095,barat.xlsx
Sulawesi Barat,MAMASA,Mambi,Kelurahan Talipukki,2025-02-16,12:12 WIB,NASA-NOAA20,Medium,-2.93643,119.15531,barat.xlsx
Sulawesi Barat,POLEWALI MANDAR,Wonomulyo,Sidorejo,2025-03-01,13:29 WIB,NASA-MODIS,Medium,-3.40514,119.21321,barat.xlsx
Sulawesi Barat,MAMUJU,Kalumpang,Karama,2025-03-15,12:06 WIB,NASA-NOAA20,Medium,-2.37936,119.62428,barat.xlsx
Sulawesi Barat,MAMUJU,Kalumpang,Polio,2025-03-15,12:06 WIB,NASA-NOAA20,Medium,-2.38713,119.65508,barat.xlsx
Sulawesi Barat,MAMUJU,Kalumpang,Kondo Bulo,2025-03-15,12:06 WIB,NASA-NOAA20,Medium,-2.54655,119.45142,barat.xlsx
Sulawesi Barat,MAMASA,Tabulahan,Tampak Kurra,2025-03-19,12:31 WIB,NASA-NOAA20,Medium,-2.72394,119.17793,barat.xlsx
Sulawesi Barat,PASANGKAYU,Bulu Taba,Bukit Harapan,2025-03-28,13:01 WIB,NASA-NOAA20,Medium,-1.42079,119.57307,barat.xlsx
Sulawesi Barat,MAMUJU,Bonehau,Mappu,2025-03-28,13:01 WIB,NASA-NOAA20,Medium,-2.47382,119.37708,barat.xlsx
Sulawesi Barat,MAMUJU TENGAH,Karossa,Suka Maju,2025-03-28,13:01 WIB,NASA-NOAA20,Medium,-1.8532,119.42216,barat.xlsx
Sulawesi Barat,MAMUJU,Tommo,Saludengen,2025-03-28,13:01 WIB,NASA-NOAA20,Medium,-2.35231,119.29727,barat.xlsx
Sulawesi Barat,MAMUJU TENGAH,Karossa,Kambunong,2025-03-28,13:01 WIB,NASA-NOAA20,Medium,-1.97771,119.35098,barat.xlsx
Sulawesi Barat,PASANGKAYU,Pasangkayu,Kelurahan Pasangkayu,2025-03-28,13:01 WIB,NASA-NOAA20,Medium,-1.24783,119.38005,barat.xlsx
Sulawesi Barat,MAMASA,Tabang,Kelurahan Tabang,2025-03-28,13:01 WIB,NASA-NOAA20,Medium,-2.95353,119.57001,barat.xlsx
Sulawesi Barat,PASANGKAYU,Bulu Taba,Ompi,2025-03-28,13:01 WIB,NASA-NOAA20,Medium,-1.41729,119.49194,barat.xlsx
Sulawesi Barat,MAMUJU TENGAH,Karossa,Lembah Hopo,2025-03-29,12:44 WIB,NASA-NOAA20,Medium,-1.8432,119.4332,barat.xlsx
Sulawesi Barat,MAMUJU,Kalukku,Pokkang,2025-03-29,12:44 WIB,NASA-NOAA20,Medium,-2.54636,119.10481,barat.xlsx
Sulawesi Barat,MAMUJU TENGAH,Karossa,Suka Maju,2025-03-29,12:44 WIB,NASA-NOAA20,Medium,-1.84514,119.43508,barat.xlsx
Sulawesi Barat,MAMUJU,Bonehau,Buttuada,2025-03-29,12:44 WIB,NASA-NOAA20,Medium,-2.65151,119.2478,barat.xlsx
Sulawesi Barat,MAMASA,Aralle,Uhaidaho,2025-03-31,12:06 WIB,NASA-NOAA20,Medium,-2.93682,119.12009,barat.xlsx
Sulawesi Barat,MAMUJU,Tapalang Barat,Labuang Rano,2025-04-03,12:50 WIB,NASA-NOAA20,Medium,-2.77749,118.77979,barat.xlsx
Sulawesi Barat,MAMUJU,Papalang,Batu Ampa,2025-04-04,12:31 WIB,NASA-NOAA20,Medium,-2.45979,119.21028,barat.xlsx
Sulawesi Barat,MAJENE,Ulumanda,Ulumanda,2025-04-04,12:29 WIB,NASA-NOAA20,Medium,-3.10018,118.9488,barat.xlsx
Sulawesi Barat,POLEWALI MANDAR,Wonomulyo,Kebunsari,2025-04-08,12:55 WIB,NASA-NOAA20,Medium,-3.44093,119.21532,barat.xlsx
Sulawesi Barat,MAMUJU,Mamuju,Kelurahan Karema,2025-04-12,08:58 WIB,NASA-MODIS,Medium,-2.68479,118.87738,barat.xlsx
Sulawesi Barat,PASANGKAYU,Pasangkayu,Kelurahan Martajaya,2025-04-20,12:31 WIB,NASA-NOAA20,Medium,-1.15887,119.41265,barat.xlsx
Sulawesi Barat,MAMUJU,Tommo,Campaloga,2025-04-20,12:31 WIB,NASA-NOAA20,Medium,-2.33076,119.33601,barat.xlsx
Sulawesi Barat,PASANGKAYU,Pasangkayu,Karya Bersama,2025-04-24,12:55 WIB,NASA-NOAA20,Medium,-1.22588,119.34294,barat.xlsx
Sulawesi Barat,PASANGKAYU,Sarudu,Sarudu,2025-04-27,01:00 WIB,NASA-NOAA20,Medium,-1.70244,119.3093,barat.xlsx
Sulawesi Barat,MAMUJU TENGAH,Tobadak,Batu Parigi,2025-05-01,12:25 WIB,NASA-NOAA20,Medium,-2.06491,119.49944,barat.xlsx
Sulawesi Barat,MAMUJU TENGAH,Topoyo,Salulekbo,2025-05-01,12:25 WIB,NASA-NOAA20,Medium,-2.0285,119.3807,barat.xlsx
Sulawesi Barat,MAMUJU,Tommo,Leling Utara,2025-05-01,12:25 WIB,NASA-NOAA20,Medium,-2.20383,119.47848,barat.xlsx
Sulawesi Barat,POLEWALI MANDAR,Allu,Kalumammang,2025-05-01,12:25 WIB,NASA-NOAA20,Medium,-3.45332,118.95274,barat.xlsx
Sulawesi Barat,MAMASA,Tabulahan,Burana,2025-05-02,12:06 WIB,NASA-NOAA20,Medium,-2.69087,119.13575,barat.xlsx
Sulawesi Barat,MAMUJU,Papalang,Boda-Boda,2025-05-02,12:06 WIB,NASA-NOAA20,Medium,-2.43008,119.25291,barat.xlsx
Sulawesi Barat,POLEWALI MANDAR,Bulo,Sabura,2025-05-02,12:06 WIB,NASA-NOAA20,Medium,-3.2386,119.1686,barat.xlsx
Sulawesi Barat,MAMUJU,Kalumpang,Karama,2025-05-02,12:06 WIB,NASA-NOAA20,Medium,-2.38315,119.61745,barat.xlsx
Sulawesi Barat,MAMUJU TENGAH,Topoyo,Salulekbo,2025-05-08,13:35 WIB,NASA-MODIS,Medium,-2.0212,119.37703,barat.xlsx
Sulawesi Barat,MAMUJU TENGAH,Karossa,Lembah Hopo,2025-05-08,11:53 WIB,NASA-NOAA20,Medium,-1.81791,119.43255,barat.xlsx
Sulawesi Barat,MAMUJU TENGAH,Karossa,Kambunong,2025-05-08,13:35 WIB,NASA-MODIS,Medium,-2.02254,119.36777,barat.xlsx
Sulawesi Barat,PASANGKAYU,Dapurang,Benggaulu,2025-05-08,11:53 WIB,NASA-NOAA20,Medium,-1.7273,119.45363,barat.xlsx
Sulawesi Barat,MAMASA,Tabulahan,Tabulahan,2025-05-08,11:53 WIB,NASA-NOAA20,Medium,-2.75874,119.22546,barat.xlsx
Sulawesi Barat,PASANGKAYU,Pasangkayu,Kelurahan Pasangkayu,2025-05-11,12:38 WIB,NASA-NOAA20,Medium,-1.23889,119.39844,barat.xlsx
Sulawesi Barat,PASANGKAYU,Baras,Motu,2025-05-11,12:38 WIB,NASA-NOAA20,Medium,-1.55076,119.46441,barat.xlsx
Sulawesi Barat,MAMUJU TENGAH,Karossa,Kambunong,2025-05-11,12:38 WIB,NASA-NOAA20,Medium,-1.97576,119.35957,barat.xlsx
Sulawesi Barat,PASANGKAYU,Baras,Kelurahan Baras,2025-05-13,13:33 WIB,NASA-MODIS,Medium,-1.57523,119.33921,barat.xlsx
Sulawesi Barat,MAMUJU,Tapalang Barat,Labuang Rano,2025-05-15,13:03 WIB,NASA-NOAA20,Medium,-2.77042,118.76675,barat.xlsx
Sulawesi Barat,MAMASA,Tabulahan,Kelurahan Lakahang,2025-05-24,11:53 WIB,NASA-NOAA20,Medium,-2.68298,119.17657,barat.xlsx
Sulawesi Barat,MAMUJU,Tommo,Malino,2025-05-26,12:57 WIB,NASA-NOAA20,Medium,-2.23674,119.29927,barat.xlsx
Sulawesi Barat,MAMUJU,Papalang,Batu Ampa,2025-05-26,12:55 WIB,NASA-NOAA20,Medium,-2.48333,119.22723,barat.xlsx
Sulawesi Barat,MAMUJU TENGAH,Karossa,Lara,2025-05-26,12:57 WIB,NASA-NOAA20,Medium,-1.85634,119.40944,barat.xlsx
Sulawesi Barat,POLEWALI MANDAR,Binuang,Kelurahan Amassangan,2025-05-28,12:21 WIB,NASA-NOAA20,Medium,-3.45819,119.4139,barat.xlsx
Sulawesi Barat,MAMUJU,Mamuju,Tadui,2024-06-15,12:25 WIB,NASA-NOAA20,Medium,-2.64813,118.94236,barat.xlsx
Sulawesi Barat,MAMUJU,Tapalang Barat,Labuang Rano,2024-06-20,12:31 WIB,NASA-NOAA20,Medium,-2.79919,118.77423,barat.xlsx
Sulawesi Barat,MAMASA,Buntumalangka,Salurindu,2024-06-21,12:14 WIB,NASA-NOAA20,Medium,-2.84432,119.14706,barat.xlsx
Sulawesi Barat,MAMUJU,Bonehau,Banuada,2024-06-21,12:14 WIB,NASA-NOAA20,Medium,-2.62,119.25397,barat.xlsx
Sulawesi Barat,MAMASA,Tabulahan,Burana,2024-06-21,12:14 WIB,NASA-NOAA20,Medium,-2.69777,119.1447,barat.xlsx
Sulawesi Barat,PASANGKAYU,Sarudu,Sarudu,2024-07-04,00:30 WIB,NASA-NOAA20,Medium,-1.70596,119.31094,barat.xlsx
Sulawesi Barat,MAJENE,Banggae,Palipi Soreang,2024-07-11,12:38 WIB,NASA-NOAA20,Medium,-3.5539,118.93355,barat.xlsx
Sulawesi Barat,MAMUJU TENGAH,Tobadak,Saloadak,2024-07-15,13:03 WIB,NASA-NOAA20,Medium,-2.17106,119.41794,barat.xlsx
Sulawesi Barat,MAMUJU TENGAH,Karossa,Kambunong,2024-07-15,08:49 WIB,NASA-MODIS,Medium,-1.98231,119.32184,barat.xlsx
Sulawesi Barat,PASANGKAYU,Dapurang,Benggaulu,2024-07-16,12:46 WIB,NASA-NOAA20,Medium,-1.78979,119.54118,barat.xlsx
Sulawesi Barat,PASANGKAYU,Sarudu,Sarudu,2024-07-16,00:07 WIB,NASA-NOAA20,Medium,-1.70344,119.30905,barat.xlsx
Sulawesi Barat,PASANGKAYU,Bambaira,Tampaure,2024-07-17,12:25 WIB,NASA-NOAA20,Medium,-0.96118,119.52813,barat.xlsx
Sulawesi Barat,MAMUJU TENGAH,Karossa,Lembah Hopo,2024-07-17,12:25 WIB,NASA-NOAA20,Medium,-1.81687,119.43351,barat.xlsx
Sulawesi Barat,MAMUJU,Kalumpang,Sandapang,2024-07-17,13:05 WIB,NASA-MODIS,Medium,-2.35208,119.58023,barat.xlsx
Sulawesi Barat,MAMUJU,Kalumpang,Kalumpang,2024-07-17,13:05 WIB,NASA-MODIS,Medium,-2.45512,119.43705,barat.xlsx
Sulawesi Barat,MAMUJU TENGAH,Tobadak,Batu Parigi,2024-07-17,12:25 WIB,NASA-NOAA20,Medium,-2.09399,119.50887,barat.xlsx
Sulawesi Barat,PASANGKAYU,Bulu Taba,Karave,2024-07-17,12:25 WIB,NASA-NOAA20,Medium,-1.47412,119.39037,barat.xlsx
Sulawesi Barat,MAMUJU,Bonehau,Bonehau,2024-07-17,13:05 WIB,NASA-MODIS,Medium,-2.52121,119.32396,barat.xlsx
Sulawesi Barat,MAMUJU TENGAH,Karossa,Sanjango,2024-07-17,12:25 WIB,NASA-NOAA20,Medium,-1.79323,119.50036,barat.xlsx
Sulawesi Barat,MAMUJU TENGAH,Karossa,Lara,2024-07-17,12:25 WIB,NASA-NOAA20,Medium,-1.85871,119.405,barat.xlsx
Sulawesi Barat,MAMUJU TENGAH,Karossa,Mora Empat,2024-07-17,12:25 WIB,NASA-NOAA20,Medium,-1.75364,119.44868,barat.xlsx
Sulawesi Barat,MAMUJU,Bonehau,Tamalea,2024-07-17,12:25 WIB,NASA-NOAA20,Medium,-2.47523,119.34184,barat.xlsx
Sulawesi Barat,MAMUJU,Bonehau,Salutiwo,2024-07-17,12:25 WIB,NASA-NOAA20,Medium,-2.53041,119.33634,barat.xlsx
Sulawesi Barat,PASANGKAYU,Sarudu,Sarudu,2024-07-17,12:25 WIB,NASA-NOAA20,Medium,-1.70665,119.31062,barat.xlsx
Sulawesi Barat,MAMASA,Tabulahan,Lakahang Utama,2024-07-18,12:08 WIB,NASA-NOAA20,Medium,-2.70136,119.19117,barat.xlsx
Sulawesi Barat,MAMUJU TENGAH,Karossa,Salubiro,2024-07-18,12:08 WIB,NASA-NOAA20,Medium,-1.89208,119.406,barat.xlsx
Sulawesi Barat,MAMUJU,Simboro dan Kepulauan,Botteng Utara,2024-07-18,12:08 WIB,NASA-NOAA20,Medium,-2.74441,118.81361,barat.xlsx
Sulawesi Barat,MAMASA,Tabulahan,Saluleang,2024-07-18,12:08 WIB,NASA-NOAA20,Medium,-2.74844,119.26065,barat.xlsx
Sulawesi Barat,MAMUJU TENGAH,Tobadak,Batu Parigi,2024-07-18,12:08 WIB,NASA-NOAA20,Medium,-2.03778,119.48534,barat.xlsx
Sulawesi Barat,MAMUJU,Simboro dan Kepulauan,Botteng,2024-07-19,11:46 WIB,NASA-NOAA20,Medium,-2.77839,118.83385,barat.xlsx
Sulawesi Barat,MAMUJU,Bonehau,Buttuada,2024-07-19,12:48 WIB,NASA-MODIS,Medium,-2.61835,119.23678,barat.xlsx
Sulawesi Barat,MAMASA,Tabulahan,Timoro,2024-07-19,11:46 WIB,NASA-NOAA20,Medium,-2.66136,119.18471,barat.xlsx
Sulawesi Barat,MAMUJU TENGAH,Karossa,Salubiro,2024-07-22,12:31 WIB,NASA-NOAA20,Medium,-1.87897,119.40258,barat.xlsx
Sulawesi Barat,MAMUJU TENGAH,Tobadak,Bambadaru,2024-07-22,12:31 WIB,NASA-NOAA20,Medium,-2.18857,119.37146,barat.xlsx
Sulawesi Barat,MAMUJU TENGAH,Budong-Budong,Bojo,2024-07-22,12:31 WIB,NASA-NOAA20,Medium,-2.22337,119.29394,barat.xlsx
Sulawesi Barat,MAMASA,Bambang,Ulumambi,2024-07-23,12:14 WIB,NASA-NOAA20,Medium,-2.9311,119.27988,barat.xlsx
Sulawesi Barat,PASANGKAYU,Baras,Kasano,2024-07-26,12:57 WIB,NASA-NOAA20,Medium,-1.52482,119.35355,barat.xlsx
Sulawesi Barat,MAMUJU TENGAH,Tobadak,Sejati,2024-07-26,12:57 WIB,NASA-NOAA20,Medium,-2.15231,119.4437,barat.xlsx
Sulawesi Barat,MAMUJU,Bonehau,Kinatang,2024-07-27,12:38 WIB,NASA-NOAA20,Medium,-2.58721,119.30715,barat.xlsx
Sulawesi Barat,MAMUJU TENGAH,Tobadak,Bambadaru,2024-07-27,12:40 WIB,NASA-NOAA20,Medium,-2.17651,119.36809,barat.xlsx
Sulawesi Barat,MAMUJU,Kalukku,Sondoang,2024-07-27,12:38 WIB,NASA-NOAA20,Medium,-2.58969,119.1279,barat.xlsx
Sulawesi Barat,MAMUJU TENGAH,Topoyo,Salulekbo,2024-07-27,12:40 WIB,NASA-NOAA20,Medium,-2.02332,119.39848,barat.xlsx
Sulawesi Barat,MAMUJU TENGAH,Tobadak,Saloadak,2024-07-29,12:01 WIB,NASA-NOAA20,Medium,-2.16196,119.39238,barat.xlsx
Sulawesi Barat,MAMUJU,Bonehau,Bonehau,2024-08-02,12:25 WIB,NASA-NOAA20,Medium,-2.53903,119.31428,barat.xlsx
Sulawesi Barat,POLEWALI MANDAR,Balanipa,Lambanan,2024-08-11,13:37 WIB,NASA-MODIS,Medium,-3.49223,119.07484,barat.xlsx
Sulawesi Barat,MAMUJU,Kalumpang,Sandapang,2024-08-13,12:21 WIB,NASA-NOAA20,Medium,-2.34688,119.58601,barat.xlsx
Sulawesi Barat,MAMUJU,Kalumpang,Kalumpang,2024-08-13,12:21 WIB,NASA-NOAA20,Medium,-2.43397,119.44762,barat.xlsx
Sulawesi Barat,MAMUJU,Kalumpang,Tumoga,2024-08-14,12:01 WIB,NASA-NOAA20,Medium,-2.43534,119.58716,barat.xlsx
Sulawesi Barat,MAMUJU,Kalumpang,Limbong,2024-08-15,11:42 WIB,NASA-NOAA20,Medium,-2.44404,119.53638,barat.xlsx
Sulawesi Barat,MAMUJU TENGAH,Topoyo,Salulekbo,2024-08-15,11:42 WIB,NASA-NOAA20,Medium,-2.02871,119.3782,barat.xlsx
Sulawesi Barat,MAMUJU,Kalumpang,Limbong,2024-08-16,13:03 WIB,NASA-NOAA20,Medium,-2.44419,119.54748,barat.xlsx
Sulawesi Barat,MAMUJU,Kalumpang,Sandapang,2024-08-17,12:46 WIB,NASA-MODIS,Medium,-2.35809,119.589,barat.xlsx
Sulawesi Barat,MAMUJU,Kalumpang,Salumakki,2024-08-17,12:46 WIB,NASA-NOAA20,Medium,-2.56129,119.67054,barat.xlsx
Sulawesi Barat,MAMUJU,Kalumpang,Limbong,2024-08-18,12:25 WIB,NASA-NOAA20,Medium,-2.44749,119.5297,barat.xlsx
Sulawesi Barat,POLEWALI MANDAR,Tutar,Pollewani,2024-08-19,12:08 WIB,NASA-NOAA20,Medium,-3.24419,119.0575,barat.xlsx
Sulawesi Barat,MAMUJU TENGAH,Topoyo,Salulekbo,2024-08-20,13:10 WIB,NASA-MODIS,Medium,-2.02571,119.40863,barat.xlsx
Sulawesi Barat,MAMASA,Mambi,Pamosean,2024-08-25,11:53 WIB,NASA-NOAA20,Medium,-2.99213,119.09343,barat.xlsx
Sulawesi Barat,POLEWALI MANDAR,Mapilli,Rappang Barat,2024-08-29,12:21 WIB,NASA-NOAA20,Medium,-3.34141,119.16302,barat.xlsx
Sulawesi Barat,POLEWALI MANDAR,Matangnga,Tapua,2024-09-01,13:03 WIB,NASA-NOAA20,Medium,-3.21449,119.22122,barat.xlsx
Sulawesi Barat,POLEWALI MANDAR,Matangnga,Tapua,2024-09-02,12:44 WIB,NASA-NOAA20,Medium,-3.21834,119.21968,barat.xlsx
Sulawesi Barat,MAMUJU,Bonehau,Buttuada,2024-09-02,12:44 WIB,NASA-NOAA20,Medium,-2.63188,119.22955,barat.xlsx
Sulawesi Barat,MAMUJU,Kalumpang,Siraun,2024-09-03,12:25 WIB,NASA-NOAA20,Medium,-2.59658,119.57574,barat.xlsx
Sulawesi Barat,POLEWALI MANDAR,Limboro,Renggeang,2024-09-03,12:25 WIB,NASA-NOAA20,Medium,-3.47815,118.96963,barat.xlsx
Sulawesi Barat,MAMUJU,Simboro dan Kepulauan,Kelurahan Simboro,2024-09-04,12:08 WIB,NASA-NOAA20,Medium,-2.71399,118.82003,barat.xlsx
Sulawesi Barat,MAMUJU,Tapalang Barat,Lebani,2024-09-04,12:08 WIB,NASA-NOAA20,Medium,-2.72074,118.80418,barat.xlsx
Sulawesi Barat,MAJENE,Banggae,Kelurahan Pangali Ali,2024-09-06,13:10 WIB,NASA-NOAA20,Medium,-3.52763,118.95459,barat.xlsx
Sulawesi Barat,POLEWALI MANDAR,Mapilli,Sattoko,2024-09-06,13:10 WIB,NASA-MODIS,Medium,-3.31311,119.12472,barat.xlsx
Sulawesi Barat,PASANGKAYU,Sarudu,Sarudu,2024-09-11,00:37 WIB,NASA-NOAA20,Medium,-1.7039,119.30984,barat.xlsx
Sulawesi Barat,MAMUJU,Kalumpang,Makkaliki,2024-09-11,13:14 WIB,NASA-MODIS,Medium,-2.51097,119.55594,barat.xlsx
Sulawesi Barat,MAMUJU,Bonehau,Buttuada,2024-09-11,11:36 WIB,NASA-NOAA20,Medium,-2.63442,119.23013,barat.xlsx
Sulawesi Barat,MAJENE,Ulumanda,Ulumanda,2024-09-12,12:55 WIB,NASA-NOAA20,Medium,-3.06636,118.97366,barat.xlsx
Sulawesi Barat,MAMUJU,Mamuju,Tadui,2024-09-12,12:57 WIB,NASA-NOAA20,Medium,-2.64294,118.94849,barat.xlsx
Sulawesi Barat,MAMUJU,Tommo,Rantemario,2024-09-12,12:57 WIB,NASA-NOAA20,Medium,-2.2892,119.32874,barat.xlsx
Sulawesi Barat,MAMUJU,Bonehau,Buttuada,2024-09-12,12:57 WIB,NASA-NOAA20,Medium,-2.65125,119.21423,barat.xlsx
Sulawesi Barat,MAMUJU,Kalumpang,Batu Makkada,2024-09-12,12:57 WIB,NASA-NOAA20,Medium,-2.43724,119.7127,barat.xlsx
Sulawesi Barat,MAMUJU TENGAH,Karossa,Kambunong,2024-09-12,12:57 WIB,NASA-NOAA20,Medium,-2.00856,119.36208,barat.xlsx
Sulawesi Barat,MAMUJU,Kalumpang,Karama,2024-09-12,12:57 WIB,NASA-NOAA20,Medium,-2.35907,119.62108,barat.xlsx
Sulawesi Barat,MAMUJU TENGAH,Topoyo,Tabolang,2024-09-12,12:57 WIB,NASA-NOAA20,Medium,-2.04888,119.35429,barat.xlsx
Sulawesi Barat,MAMUJU,Kalumpang,Salumakki,2024-09-13,12:38 WIB,NASA-NOAA20,Medium,-2.56853,119.64175,barat.xlsx
Sulawesi Barat,MAMUJU,Simboro dan Kepulauan,Botteng Utara,2024-09-13,12:38 WIB,NASA-NOAA20,Medium,-2.74896,118.82072,barat.xlsx
Sulawesi Barat,MAMUJU,Kalumpang,Lasa',2024-09-13,12:38 WIB,NASA-NOAA20,Medium,-2.62575,119.60089,barat.xlsx
Sulawesi Barat,POLEWALI MANDAR,Tutar,Piriang Tapiko,2024-09-13,12:38 WIB,NASA-NOAA20,Medium,-3.20071,119.02406,barat.xlsx
Sulawesi Barat,MAJENE,Malunda,Salutahongan,2024-09-13,12:38 WIB,NASA-NOAA20,Medium,-3.0031,119.01147,barat.xlsx
Sulawesi Barat,MAMUJU,Kalumpang,Tumoga,2024-09-13,12:38 WIB,NASA-NOAA20,Medium,-2.4427,119.61657,barat.xlsx
Sulawesi Barat,MAJENE,Ulumanda,Kabiraan,2024-09-13,12:38 WIB,NASA-NOAA20,Medium,-3.03456,118.89883,barat.xlsx
Sulawesi Barat,POLEWALI MANDAR,Tutar,Besoangin Utara,2024-09-13,12:38 WIB,NASA-NOAA20,Medium,-3.19927,118.94556,barat.xlsx
Sulawesi Barat,MAMUJU TENGAH,Topoyo,Tabolang,2024-09-13,12:57 WIB,NASA-MODIS,Medium,-2.02611,119.33521,barat.xlsx
Sulawesi Barat,MAMUJU,Kalumpang,Karataun,2024-09-13,12:38 WIB,NASA-NOAA20,Medium,-2.54922,119.5573,barat.xlsx
Sulawesi Barat,MAMUJU TENGAH,Karossa,Kambunong,2024-09-13,12:38 WIB,NASA-NOAA20,Medium,-2.01409,119.39067,barat.xlsx
Sulawesi Barat,MAMUJU,Kalumpang,Makkaliki,2024-09-13,12:38 WIB,NASA-NOAA20,Medium,-2.52318,119.56161,barat.xlsx
Sulawesi Barat,MAMUJU,Kalumpang,Sandapang,2024-09-13,12:38 WIB,NASA-NOAA20,Medium,-2.36742,119.58538,barat.xlsx
Sulawesi Barat,MAMUJU,Kalumpang,Siraun,2024-09-13,12:57 WIB,NASA-MODIS,Medium,-2.61332,119.62252,barat.xlsx
Sulawesi Barat,MAMUJU TENGAH,Karossa,Sanjango,2024-09-13,12:38 WIB,NASA-NOAA20,Medium,-1.82804,119.56261,barat.xlsx
Sulawesi Barat,MAMUJU TENGAH,Tobadak,Batu Parigi,2024-09-13,12:38 WIB,NASA-NOAA20,Medium,-2.09312,119.48785,barat.xlsx
Sulawesi Barat,MAJENE,Ulumanda,Sambabo,2024-09-13,12:38 WIB,NASA-NOAA20,Medium,-3.08593,118.86124,barat.xlsx
Sulawesi Barat,MAMASA,Mehalaan,Botteng,2024-09-13,12:38 WIB,NASA-NOAA20,Medium,-3.05869,119.17929,barat.xlsx
Sulawesi Barat,PASANGKAYU,Bambalamotu,Pangiang,2024-09-13,12:38 WIB,NASA-NOAA20,Medium,-1.13652,119.40529,barat.xlsx
Sulawesi Barat,PASANGKAYU,Dapurang,Benggaulu,2024-09-13,12:38 WIB,NASA-NOAA20,Medium,-1.80404,119.56046,barat.xlsx
Sulawesi Barat,MAMASA,Tabulahan,Burana,2024-09-13,12:38 WIB,NASA-NOAA20,Medium,-2.70504,119.13086,barat.xlsx
Sulawesi Barat,MAMASA,Tabulahan,Kelurahan Lakahang,2024-09-13,12:38 WIB,NASA-NOAA20,Medium,-2.68995,119.15968,barat.xlsx
Sulawesi Barat,MAMUJU TENGAH,Topoyo,Salulekbo,2024-09-13,12:38 WIB,NASA-NOAA20,Medium,-2.04953,119.53445,barat.xlsx
Sulawesi Barat,MAJENE,Ulumanda,Ulumanda,2024-09-13,12:38 WIB,NASA-NOAA20,Medium,-3.03994,118.95534,barat.xlsx
Sulawesi Barat,MAMASA,Mambi,Salubanua,2024-09-13,12:38 WIB,NASA-NOAA20,Medium,-3.01541,119.11469,barat.xlsx
Sulawesi Barat,MAMASA,Mambi,Indobanua,2024-09-13,12:38 WIB,NASA-NOAA20,Medium,-2.97744,119.08565,barat.xlsx
Sulawesi Barat,POLEWALI MANDAR,Tutar,Taloba,2024-09-13,12:38 WIB,NASA-NOAA20,Medium,-3.17048,119.04237,barat.xlsx
Sulawesi Barat,MAMASA,Aralle,Pamoseang Pangga,2024-09-13,12:55 WIB,NASA-MODIS,Medium,-2.95162,119.0843,barat.xlsx
Sulawesi Barat,MAMASA,Aralle,Ralleanak Utara,2024-09-13,12:38 WIB,NASA-NOAA20,Medium,-2.90367,119.1358,barat.xlsx
Sulawesi Barat,POLEWALI MANDAR,Tutar,Taramanu Tua,2024-09-13,12:55 WIB,NASA-MODIS,Medium,-3.21112,119.02161,barat.xlsx
Sulawesi Barat,MAMASA,Mambi,Pamosean,2024-09-13,12:38 WIB,NASA-NOAA20,Medium,-2.98889,119.10307,barat.xlsx
Sulawesi Barat,POLEWALI MANDAR,Matangnga,Mambu Tapua,2024-09-13,12:38 WIB,NASA-NOAA20,Medium,-3.25515,119.24483,barat.xlsx
Sulawesi Barat,MAMUJU TENGAH,Karossa,Karossa,2024-09-15,11:59 WIB,NASA-NOAA20,Medium,-1.82761,119.46889,barat.xlsx
Sulawesi Barat,POLEWALI MANDAR,Tutar,Piriang Tapiko,2024-09-15,11:59 WIB,NASA-NOAA20,Medium,-3.16737,118.97058,barat.xlsx
Sulawesi Barat,MAJENE,Tammerodo Sendana,Awo,2024-09-15,11:59 WIB,NASA-NOAA20,Medium,-3.18939,118.88737,barat.xlsx
Sulawesi Barat,MAMUJU,Kalukku,Uhaimate,2024-09-15,11:59 WIB,NASA-NOAA20,Medium,-2.63884,119.11501,barat.xlsx
Sulawesi Barat,MAMUJU TENGAH,Karossa,Suka Maju,2024-09-15,11:59 WIB,NASA-NOAA20,Medium,-1.84466,119.41766,barat.xlsx
Sulawesi Barat,MAJENE,Ulumanda,Panggalo,2024-09-15,11:59 WIB,NASA-NOAA20,Medium,-3.11976,118.89545,barat.xlsx
Sulawesi Barat,POLEWALI MANDAR,Tutar,Besoangin Utara,2024-09-15,11:59 WIB,NASA-NOAA20,Medium,-3.16888,118.9603,barat.xlsx
Sulawesi Barat,POLEWALI MANDAR,Tutar,Ratte,2024-09-15,11:59 WIB,NASA-NOAA20,Medium,-3.22338,118.99203,barat.xlsx
Sulawesi Barat,MAMUJU TENGAH,Pangale,Polo Camba,2024-09-15,11:59 WIB,NASA-NOAA20,Medium,-2.23178,119.21419,barat.xlsx
Sulawesi Barat,POLEWALI MANDAR,Tutar,Taloba,2024-09-16,13:18 WIB,NASA-MODIS,Medium,-3.15171,119.04649,barat.xlsx
Sulawesi Barat,MAMUJU TENGAH,Tobadak,Batu Parigi,2024-09-16,13:18 WIB,NASA-MODIS,Medium,-2.06824,119.51692,barat.xlsx
Sulawesi Barat,MAJENE,Ulumanda,Popenga,2024-09-16,11:42 WIB,NASA-NOAA20,Medium,-3.0329,118.98991,barat.xlsx
Sulawesi Barat,POLEWALI MANDAR,Tutar,Besoangin Utara,2024-09-16,11:42 WIB,NASA-NOAA20,Medium,-3.18004,118.9799,barat.xlsx
Sulawesi Barat,POLEWALI MANDAR,Tutar,Piriang Tapiko,2024-09-16,11:42 WIB,NASA-NOAA20,Medium,-3.17349,118.9792,barat.xlsx
Sulawesi Barat,MAMUJU,Kalumpang,Batu Makkada,2024-09-16,13:18 WIB,NASA-MODIS,Medium,-2.42072,119.69234,barat.xlsx
Sulawesi Barat,MAMASA,Aralle,Pamoseang Pangga,2024-09-16,11:42 WIB,NASA-NOAA20,Medium,-2.94594,119.0863,barat.xlsx
Sulawesi Barat,MAMUJU,Mamuju,Kelurahan Karema,2024-09-17,13:03 WIB,NASA-NOAA20,Medium,-2.73509,118.91851,barat.xlsx
Sulawesi Barat,MAMUJU,Kalumpang,Kondo Bulo,2024-09-17,13:03 WIB,NASA-NOAA20,Medium,-2.55148,119.4883,barat.xlsx
Sulawesi Barat,MAMUJU,Kalumpang,Lasa',2024-09-17,13:03 WIB,NASA-NOAA20,Medium,-2.62133,119.61928,barat.xlsx
Sulawesi Barat,MAMUJU,Kalumpang,Sandapang,2024-09-17,13:03 WIB,NASA-NOAA20,Medium,-2.40103,119.58387,barat.xlsx
Sulawesi Barat,MAMUJU TENGAH,Tobadak,Batu Parigi,2024-09-17,13:03 WIB,NASA-NOAA20,Medium,-2.08216,119.46039,barat.xlsx
Sulawesi Barat,POLEWALI MANDAR,Tutar,Taloba,2024-09-17,13:01 WIB,NASA-NOAA20,Medium,-3.1176,119.05541,barat.xlsx
Sulawesi Barat,PASANGKAYU,Dapurang,Bulu Bonggu,2024-09-17,13:03 WIB,NASA-NOAA20,Medium,-1.68687,119.44882,barat.xlsx
Sulawesi Barat,POLEWALI MANDAR,Matangnga,Rangoan,2024-09-17,13:01 WIB,NASA-NOAA20,Medium,-3.15048,119.17608,barat.xlsx
Sulawesi Barat,MAMASA,Buntumalangka,Kebanga,2024-09-17,13:03 WIB,NASA-NOAA20,Medium,-2.84263,119.18177,barat.xlsx
Sulawesi Barat,MAMUJU TENGAH,Topoyo,Salulekbo,2024-09-17,13:03 WIB,NASA-NOAA20,Medium,-2.03931,119.39713,barat.xlsx
Sulawesi Barat,POLEWALI MANDAR,Matangnga,Katimbang,2024-09-17,13:01 WIB,NASA-NOAA20,Medium,-3.12994,119.20506,barat.xlsx
Sulawesi Barat,MAMUJU TENGAH,Tobadak,Batu Parigi,2024-09-18,12:44 WIB,NASA-NOAA20,Medium,-2.06705,119.54015,barat.xlsx
Sulawesi Barat,MAMUJU TENGAH,Tobadak,Salobaja,2024-09-18,12:44 WIB,NASA-NOAA20,Medium,-2.1725,119.34219,barat.xlsx
Sulawesi Barat,MAMUJU,Kalumpang,Makkaliki,2024-09-18,12:44 WIB,NASA-NOAA20,Medium,-2.48909,119.51357,barat.xlsx
Sulawesi Barat,MAMUJU,Kalumpang,Karataun,2024-09-18,12:44 WIB,NASA-NOAA20,Medium,-2.56025,119.5124,barat.xlsx
Sulawesi Barat,POLEWALI MANDAR,Matangnga,Lilli,2024-09-18,12:44 WIB,NASA-NOAA20,Medium,-3.19948,119.18513,barat.xlsx
Sulawesi Barat,MAMUJU TENGAH,Topoyo,Salulekbo,2024-09-18,12:44 WIB,NASA-NOAA20,Medium,-2.06027,119.3819,barat.xlsx
Sulawesi Barat,POLEWALI MANDAR,Bulo,Lenggo,2024-09-18,12:44 WIB,NASA-NOAA20,Medium,-3.16352,119.08807,barat.xlsx
Sulawesi Barat,MAMUJU,Bonehau,Buttuada,2024-09-18,12:59 WIB,NASA-MODIS,Medium,-2.65109,119.1778,barat.xlsx
Sulawesi Barat,MAJENE,Tubo Sendana,Onang,2024-09-18,12:44 WIB,NASA-NOAA20,Medium,-3.16251,118.87402,barat.xlsx
Sulawesi Barat,MAMUJU,Tommo,Kakullasang,2024-09-18,12:44 WIB,NASA-NOAA20,Medium,-2.22041,119.32816,barat.xlsx
Sulawesi Barat,MAMUJU,Kalumpang,Sandapang,2024-09-18,20:29 WIB,NASA-MODIS,Medium,-2.36419,119.59027,barat.xlsx
Sulawesi Barat,MAMUJU TENGAH,Tobadak,Sejati,2024-09-18,12:44 WIB,NASA-NOAA20,Medium,-2.12823,119.45204,barat.xlsx
Sulawesi Barat,MAMUJU,Kalumpang,Kalumpang,2024-09-18,12:59 WIB,NASA-MODIS,Medium,-2.48918,119.50819,barat.xlsx
Sulawesi Barat,MAMUJU,Kalumpang,Tumoga,2024-09-18,12:44 WIB,NASA-NOAA20,Medium,-2.43384,119.60508,barat.xlsx
Sulawesi Barat,MAMUJU,Kalumpang,Karama,2024-09-18,12:44 WIB,NASA-NOAA20,Medium,-2.36392,119.62013,barat.xlsx
Sulawesi Barat,MAMASA,Mambi,Saludurian,2024-09-19,12:25 WIB,NASA-NOAA20,Medium,-2.96826,119.151,barat.xlsx
Sulawesi Barat,POLEWALI MANDAR,Matangnga,Kelurahan Matangnga,2024-09-19,12:25 WIB,NASA-NOAA20,Medium,-3.10738,119.21852,barat.xlsx
Sulawesi Barat,MAMASA,Nosu,Batupapan,2024-09-19,12:25 WIB,NASA-NOAA20,Medium,-3.15385,119.47272,barat.xlsx
Sulawesi Barat,MAMASA,Nosu,Masewwe,2024-09-19,12:25 WIB,NASA-NOAA20,Medium,-3.1699,119.47852,barat.xlsx
Sulawesi Barat,POLEWALI MANDAR,Bulo,Sepporraki,2024-09-19,12:25 WIB,NASA-NOAA20,Medium,-3.21692,119.16779,barat.xlsx
Sulawesi Barat,MAMASA,Mehalaan,Botteng,2024-09-19,12:25 WIB,NASA-NOAA20,Medium,-3.06092,119.1657,barat.xlsx
Sulawesi Barat,POLEWALI MANDAR,Tutar,Taloba,2024-09-19,12:25 WIB,NASA-NOAA20,Medium,-3.17066,119.06754,barat.xlsx
Sulawesi Barat,MAMUJU,Kalumpang,Kondo Bulo,2024-09-19,12:25 WIB,NASA-NOAA20,Medium,-2.54589,119.45489,barat.xlsx
Sulawesi Barat,MAMUJU,Bonehau,Buttuada,2024-09-19,12:25 WIB,NASA-NOAA20,Medium,-2.66494,119.2495,barat.xlsx
Sulawesi Barat,MAMUJU,Bonehau,Bonehau,2024-09-19,12:25 WIB,NASA-NOAA20,Medium,-2.5211,119.3263,barat.xlsx
Sulawesi Barat,MAMUJU,Kalumpang,Batu Makkada,2024-09-19,12:25 WIB,NASA-NOAA20,Medium,-2.40103,119.69653,barat.xlsx
Sulawesi Barat,POLEWALI MANDAR,Bulo,Sabura,2024-09-19,12:25 WIB,NASA-NOAA20,Medium,-3.22704,119.18781,barat.xlsx
Sulawesi Barat,MAMASA,Tabulahan,Tampak Kurra,2024-09-20,12:06 WIB,NASA-NOAA20,Medium,-2.73765,119.16348,barat.xlsx
Sulawesi Barat,POLEWALI MANDAR,Tutar,Piriang Tapiko,2024-09-20,12:42 WIB,NASA-MODIS,Medium,-3.16963,119.02777,barat.xlsx
Sulawesi Barat,MAMUJU,Kalumpang,Batu Makkada,2024-09-20,12:06 WIB,NASA-NOAA20,Medium,-2.41754,119.70144,barat.xlsx
Sulawesi Barat,MAMUJU TENGAH,Budong-Budong,Barakkang,2024-09-20,12:06 WIB,NASA-NOAA20,Medium,-2.23656,119.27294,barat.xlsx
Sulawesi Barat,MAMUJU TENGAH,Tobadak,Batu Parigi,2024-09-20,12:06 WIB,NASA-NOAA20,Medium,-2.09622,119.48875,barat.xlsx
Sulawesi Barat,MAJENE,Ulumanda,Ulumanda,2024-09-20,12:06 WIB,NASA-NOAA20,Medium,-3.03543,118.98818,barat.xlsx
Sulawesi Barat,POLEWALI MANDAR,Allu,Puppu Uring,2024-09-20,12:06 WIB,NASA-NOAA20,Medium,-3.33243,118.93187,barat.xlsx
Sulawesi Barat,MAMUJU,Kalumpang,Siraun,2024-09-20,12:06 WIB,NASA-NOAA20,Medium,-2.59033,119.63354,barat.xlsx
Sulawesi Barat,MAMUJU,Kalumpang,Limbong,2024-09-20,12:06 WIB,NASA-NOAA20,Medium,-2.41028,119.58514,barat.xlsx
Sulawesi Barat,MAMUJU,Kalumpang,Polio,2024-09-20,12:06 WIB,NASA-NOAA20,Medium,-2.40511,119.64721,barat.xlsx
Sulawesi Barat,MAMUJU,Kalumpang,Karama,2024-09-21,13:25 WIB,NASA-MODIS,Medium,-2.37257,119.61449,barat.xlsx
Sulawesi Barat,MAMASA,Tabulahan,Tampak Kurra,2024-09-21,11:49 WIB,NASA-NOAA20,Medium,-2.71198,119.18645,barat.xlsx
Sulawesi Barat,MAMASA,Buntumalangka,Ranteberan,2024-09-21,11:49 WIB,NASA-NOAA20,Medium,-2.81636,119.20434,barat.xlsx
Sulawesi Barat,MAJENE,Banggae,Pamboborang,2024-09-22,13:08 WIB,NASA-NOAA20,Medium,-3.52331,118.93497,barat.xlsx
Sulawesi Barat,MAMUJU,Mamuju,Kelurahan Karema,2024-09-22,09:11 WIB,NASA-MODIS,Medium,-2.6905,118.87729,barat.xlsx
Sulawesi Barat,POLEWALI MANDAR,Tutar,Piriang Tapiko,2024-09-23,12:50 WIB,NASA-NOAA20,Medium,-3.16271,118.96233,barat.xlsx
Sulawesi Barat,MAMUJU,Kalumpang,Batu Makkada,2024-09-23,12:50 WIB,NASA-NOAA20,Medium,-2.41533,119.68343,barat.xlsx
Sulawesi Barat,MAMUJU,Kalumpang,Karama,2024-09-23,12:50 WIB,NASA-NOAA20,Medium,-2.32274,119.66927,barat.xlsx
Sulawesi Barat,MAMUJU,Kalumpang,Polio,2024-09-23,12:50 WIB,NASA-NOAA20,Medium,-2.42227,119.66751,barat.xlsx
Sulawesi Barat,MAMUJU,Kalumpang,Kalumpang,2024-09-23,12:50 WIB,NASA-NOAA20,Medium,-2.48821,119.47088,barat.xlsx
Sulawesi Barat,POLEWALI MANDAR,Tutar,Taloba,2024-09-24,12:31 WIB,NASA-NOAA20,Medium,-3.14724,119.06028,barat.xlsx
Sulawesi Barat,POLEWALI MANDAR,Luyo,Sambali Wali,2024-09-24,12:31 WIB,NASA-NOAA20,Medium,-3.41065,119.09135,barat.xlsx
Sulawesi Barat,MAMUJU,Tapalang Barat,Pangasaan,2024-09-24,12:31 WIB,NASA-NOAA20,Medium,-2.76767,118.80997,barat.xlsx
Sulawesi Barat,MAMASA,Tabulahan,Burana,2024-09-24,12:31 WIB,NASA-NOAA20,Medium,-2.6805,119.13943,barat.xlsx
Sulawesi Barat,POLEWALI MANDAR,Allu,Kalumammang,2024-09-24,12:31 WIB,NASA-NOAA20,Medium,-3.41267,118.94272,barat.xlsx
Sulawesi Barat,MAMUJU TENGAH,Topoyo,Salulekbo,2024-09-24,12:31 WIB,NASA-NOAA20,Medium,-2.02325,119.37932,barat.xlsx
Sulawesi Barat,MAMUJU,Tapalang,Bela,2024-09-24,12:31 WIB,NASA-NOAA20,Medium,-2.89618,118.97113,barat.xlsx
Sulawesi Barat,MAMUJU,Simboro dan Kepulauan,Botteng,2024-09-24,12:31 WIB,NASA-NOAA20,Medium,-2.79534,118.87476,barat.xlsx
Sulawesi Barat,MAMUJU,Kalumpang,Sandapang,2024-09-26,11:55 WIB,NASA-NOAA20,Medium,-2.33166,119.60929,barat.xlsx
Sulawesi Barat,POLEWALI MANDAR,Tutar,Ratte,2024-09-26,11:55 WIB,NASA-NOAA20,Medium,-3.20666,118.96408,barat.xlsx
Sulawesi Barat,POLEWALI MANDAR,Bulo,Sepporraki,2024-09-26,11:55 WIB,NASA-NOAA20,Medium,-3.19823,119.17259,barat.xlsx
Sulawesi Barat,MAMUJU,Mamuju,Kelurahan Mamunyu,2024-09-26,11:55 WIB,NASA-NOAA20,Medium,-2.67282,118.91502,barat.xlsx
Sulawesi Barat,POLEWALI MANDAR,Bulo,Patambanua,2024-09-27,11:34 WIB,NASA-NOAA20,Medium,-3.19013,119.17302,barat.xlsx
Sulawesi Barat,POLEWALI MANDAR,Bulo,Sepporraki,2024-09-27,11:34 WIB,NASA-NOAA20,Medium,-3.1943,119.16975,barat.xlsx
Sulawesi Barat,MAMASA,Pana,Datubaringan,2024-09-28,12:55 WIB,NASA-NOAA20,Medium,-3.1264,119.56027,barat.xlsx
Sulawesi Barat,MAMUJU,Kalumpang,Kalumpang,2024-09-29,08:58 WIB,NASA-MODIS,Medium,-2.47306,119.46947,barat.xlsx
Sulawesi Barat,POLEWALI MANDAR,Campalagian,Ongko,2024-09-30,12:18 WIB,NASA-NOAA20,Medium,-3.45686,119.07961,barat.xlsx
Sulawesi Barat,MAJENE,Sendana,Paminggalan,2024-10-01,08:41 WIB,NASA-MODIS,Medium,-3.3447,118.91734,barat.xlsx
Sulawesi Barat,MAMUJU,Kalumpang,Siraun,2024-10-01,11:59 WIB,NASA-NOAA20,Medium,-2.59895,119.61876,barat.xlsx
Sulawesi Barat,MAMUJU,Kalumpang,Karataun,2024-10-01,08:39 WIB,NASA-MODIS,Medium,-2.56175,119.56612,barat.xlsx
Sulawesi Barat,MAMASA,Pana,Datubaringan,2024-10-05,12:25 WIB,NASA-NOAA20,Medium,-3.13518,119.56332,barat.xlsx
Sulawesi Barat,MAMUJU TENGAH,Topoyo,Salulekbo,2024-10-05,12:25 WIB,NASA-NOAA20,Medium,-1.99343,119.48718,barat.xlsx
Sulawesi Barat,PASANGKAYU,Bambalamotu,Polewali,2024-10-06,12:08 WIB,NASA-NOAA20,Medium,-1.15398,119.44952,barat.xlsx
Sulawesi Barat,MAMASA,Mamasa,Lambanan,2024-10-06,12:06 WIB,NASA-NOAA20,Medium,-2.84688,119.50433,barat.xlsx
Sulawesi Barat,MAMUJU TENGAH,Tobadak,Batu Parigi,2024-10-06,12:06 WIB,NASA-NOAA20,Medium,-2.1077,119.47205,barat.xlsx
Sulawesi Barat,POLEWALI MANDAR,Allu,Puppu Uring,2024-10-06,12:06 WIB,NASA-NOAA20,Medium,-3.33206,118.93306,barat.xlsx
Sulawesi Barat,MAMASA,Nosu,Minanga,2024-10-06,12:06 WIB,NASA-NOAA20,Medium,-3.10044,119.45016,barat.xlsx
Sulawesi Barat,MAMUJU,Kalumpang,Sandapang,2024-10-07,11:49 WIB,NASA-NOAA20,Medium,-2.38089,119.5982,barat.xlsx
Sulawesi Barat,MAJENE,Ulumanda,Popenga,2024-10-07,11:49 WIB,NASA-NOAA20,Medium,-3.03874,119.00201,barat.xlsx
Sulawesi Barat,MAMUJU TENGAH,Tobadak,Batu Parigi,2024-10-07,11:46 WIB,NASA-NOAA20,Medium,-2.07089,119.4852,barat.xlsx
Sulawesi Barat,MAMUJU,Tapalang Barat,Pasabu,2024-10-07,11:49 WIB,NASA-NOAA20,Medium,-2.82785,118.83086,barat.xlsx
Sulawesi Barat,MAMUJU,Mamuju,Kelurahan Rimuku,2024-10-09,09:06 WIB,NASA-MODIS,Medium,-2.68438,118.88985,barat.xlsx
Sulawesi Barat,MAMUJU,Kalumpang,Karataun,2024-10-12,11:53 WIB,NASA-NOAA20,Medium,-2.56578,119.57011,barat.xlsx
Sulawesi Barat,MAMUJU TENGAH,Karossa,Tasokko,2024-10-20,12:44 WIB,NASA-NOAA20,Medium,-1.96528,119.36536,barat.xlsx
Sulawesi Barat,MAMUJU,Bonehau,Buttuada,2024-10-22,12:06 WIB,NASA-NOAA20,Medium,-2.64052,119.22121,barat.xlsx
Sulawesi Barat,MAMUJU,Bonehau,Banuada,2024-10-22,12:06 WIB,NASA-NOAA20,Medium,-2.61819,119.24346,barat.xlsx
Sulawesi Barat,MAMUJU,Kalukku,Kelurahan Kalukku,2024-10-22,12:06 WIB,NASA-NOAA20,Medium,-2.55687,119.08387,barat.xlsx
Sulawesi Barat,MAMASA,Tabang,Bakadisura,2024-10-22,12:06 WIB,NASA-NOAA20,Medium,-2.96275,119.54973,barat.xlsx
Sulawesi Barat,MAMASA,Tabulahan,Saluleang,2024-10-22,12:06 WIB,NASA-NOAA20,Medium,-2.74599,119.23919,barat.xlsx
Sulawesi Barat,POLEWALI MANDAR,Bulo,Patambanua,2024-10-22,12:06 WIB,NASA-NOAA20,Medium,-3.1406,119.13365,barat.xlsx
Sulawesi Barat,POLEWALI MANDAR,Matangnga,Kelurahan Matangnga,2024-10-22,12:06 WIB,NASA-NOAA20,Medium,-3.12008,119.21471,barat.xlsx
Sulawesi Barat,MAMASA,Tabulahan,Tabulahan,2024-10-22,12:06 WIB,NASA-NOAA20,Medium,-2.7671,119.21075,barat.xlsx
Sulawesi Barat,MAMASA,Tabulahan,Tampak Kurra,2024-10-22,12:06 WIB,NASA-NOAA20,Medium,-2.75101,119.16348,barat.xlsx
Sulawesi Barat,MAMUJU TENGAH,Tobadak,Batu Parigi,2024-10-23,13:29 WIB,NASA-MODIS,Medium,-2.06805,119.47433,barat.xlsx
Sulawesi Barat,MAMUJU,Kalumpang,Sandapang,2024-10-23,13:29 WIB,NASA-MODIS,Medium,-2.35204,119.60834,barat.xlsx
Sulawesi Barat,MAMUJU,Bonehau,Buttuada,2024-10-23,11:46 WIB,NASA-NOAA20,Medium,-2.62075,119.23608,barat.xlsx
Sulawesi Barat,MAMASA,Mehalaan,Kondo,2024-10-23,13:29 WIB,NASA-MODIS,Medium,-3.10203,119.15598,barat.xlsx
Sulawesi Barat,POLEWALI MANDAR,Matangnga,Katimbang,2024-10-23,13:29 WIB,NASA-MODIS,Medium,-3.13804,119.22306,barat.xlsx
Sulawesi Barat,MAMASA,Mambi,Selumaka,2024-10-23,11:49 WIB,NASA-NOAA20,Medium,-2.98888,119.14883,barat.xlsx
Sulawesi Barat,MAMASA,Mehalaan,Salukonta,2024-10-23,11:49 WIB,NASA-NOAA20,Medium,-3.024,119.23185,barat.xlsx
Sulawesi Barat,MAMASA,Tabang,Salukona,2024-10-23,13:29 WIB,NASA-MODIS,Medium,-2.91396,119.55309,barat.xlsx
Sulawesi Barat,POLEWALI MANDAR,Tapango,Palatta,2024-10-24,09:17 WIB,NASA-MODIS,Medium,-3.27778,119.24999,barat.xlsx
Sulawesi Barat,MAMUJU TENGAH,Topoyo,Tabolang,2024-10-24,13:10 WIB,NASA-NOAA20,Medium,-2.04744,119.36028,barat.xlsx
Sulawesi Barat,PASANGKAYU,Bulu Taba,Bukit Harapan,2024-10-25,12:50 WIB,NASA-NOAA20,Medium,-1.4736,119.48898,barat.xlsx
Sulawesi Barat,MAMUJU TENGAH,Tobadak,Batu Parigi,2024-10-25,13:12 WIB,NASA-MODIS,Medium,-2.08046,119.47979,barat.xlsx
Sulawesi Barat,MAMUJU,Kalumpang,Sandapang,2024-10-25,12:50 WIB,NASA-NOAA20,Medium,-2.37935,119.5395,barat.xlsx
Sulawesi Barat,MAMUJU,Bonehau,Salutiwo,2024-10-25,12:50 WIB,NASA-NOAA20,Medium,-2.52168,119.34806,barat.xlsx
Sulawesi Barat,MAMUJU TENGAH,Topoyo,Salulekbo,2024-10-25,13:12 WIB,NASA-MODIS,Medium,-2.00799,119.42459,barat.xlsx
Sulawesi Barat,PASANGKAYU,Pasangkayu,Pakava,2024-10-25,12:53 WIB,NASA-NOAA20,Medium,-1.15497,119.51152,barat.xlsx
Sulawesi Barat,POLEWALI MANDAR,Bulo,Lenggo,2024-10-25,12:50 WIB,NASA-NOAA20,Medium,-3.17291,119.08734,barat.xlsx
Sulawesi Barat,MAMUJU,Simboro dan Kepulauan,Kelurahan Rangas,2024-10-25,12:50 WIB,NASA-NOAA20,Medium,-2.69647,118.83639,barat.xlsx
Sulawesi Barat,MAJENE,Ulumanda,Tandeallo,2024-10-25,12:50 WIB,NASA-NOAA20,Medium,-3.09657,118.91179,barat.xlsx
Sulawesi Barat,MAJENE,Ulumanda,Popenga,2024-10-25,12:50 WIB,NASA-NOAA20,Medium,-3.0113,119.03542,barat.xlsx
Sulawesi Barat,MAMUJU TENGAH,Tobadak,Batu Parigi,2024-10-26,12:31 WIB,NASA-NOAA20,Medium,-2.05865,119.52804,barat.xlsx
Sulawesi Barat,POLEWALI MANDAR,Tutar,Besoangin Utara,2024-10-26,12:31 WIB,NASA-NOAA20,Medium,-3.20449,118.90665,barat.xlsx
Sulawesi Barat,MAMUJU,Tapalang Barat,Labuang Rano,2024-10-26,12:31 WIB,NASA-NOAA20,Medium,-2.79972,118.77953,barat.xlsx
Sulawesi Barat,POLEWALI MANDAR,Tutar,Kelurahan Taramanu,2024-10-26,12:31 WIB,NASA-NOAA20,Medium,-3.31315,118.99468,barat.xlsx
Sulawesi Barat,MAMUJU,Kalumpang,Kalumpang,2024-10-26,12:31 WIB,NASA-NOAA20,Medium,-2.4563,119.45199,barat.xlsx
Sulawesi Barat,MAMUJU TENGAH,Topoyo,Salulekbo,2024-10-26,12:31 WIB,NASA-NOAA20,Medium,-2.06118,119.37562,barat.xlsx
Sulawesi Barat,POLEWALI MANDAR,Matakali,Kelurahan Matakali,2024-10-26,12:31 WIB,NASA-NOAA20,Medium,-3.37619,119.27216,barat.xlsx
Sulawesi Barat,MAMASA,Mehalaan,Kondo,2024-10-27,12:14 WIB,NASA-NOAA20,Medium,-3.09499,119.14993,barat.xlsx
Sulawesi Barat,POLEWALI MANDAR,Bulo,Patambanua,2024-10-27,12:14 WIB,NASA-NOAA20,Medium,-3.15939,119.133,barat.xlsx
Sulawesi Barat,MAMUJU TENGAH,Topoyo,Salulekbo,2024-10-28,11:53 WIB,NASA-NOAA20,Medium,-2.04184,119.51672,barat.xlsx
Sulawesi Barat,MAMASA,Pana,Datubaringan,2024-10-28,11:53 WIB,NASA-NOAA20,Medium,-3.12462,119.56521,barat.xlsx
Sulawesi Barat,MAMUJU,Kalumpang,Limbong,2024-10-28,11:53 WIB,NASA-NOAA20,Medium,-2.41699,119.57475,barat.xlsx
Sulawesi Barat,POLEWALI MANDAR,Matangnga,Tapua,2024-10-28,11:53 WIB,NASA-NOAA20,Medium,-3.21767,119.19617,barat.xlsx
Sulawesi Barat,MAMUJU,Kalumpang,Sandapang,2024-10-28,11:53 WIB,NASA-NOAA20,Medium,-2.37628,119.53858,barat.xlsx
Sulawesi Barat,MAMUJU,Kalumpang,Kalumpang,2024-10-28,13:33 WIB,NASA-MODIS,Medium,-2.49098,119.50477,barat.xlsx
Sulawesi Barat,MAMASA,Mehalaan,Kondo,2024-10-28,11:53 WIB,NASA-NOAA20,Medium,-3.06818,119.1518,barat.xlsx
Sulawesi Barat,MAMASA,Nosu,Masewwe,2024-10-28,11:53 WIB,NASA-NOAA20,Medium,-3.16555,119.4861,barat.xlsx
Sulawesi Barat,MAMUJU,Bonehau,Bonehau,2024-10-29,11:36 WIB,NASA-NOAA20,Medium,-2.54331,119.30273,barat.xlsx
Sulawesi Barat,MAMUJU,Tapalang Barat,Pasabu,2024-10-30,12:55 WIB,NASA-NOAA20,Medium,-2.80501,118.82927,barat.xlsx
Sulawesi Barat,MAMUJU TENGAH,Karossa,Kambunong,2024-10-30,13:14 WIB,NASA-MODIS,Medium,-2.02094,119.35709,barat.xlsx
Sulawesi Barat,MAMUJU TENGAH,Topoyo,Salulekbo,2024-10-30,13:14 WIB,NASA-MODIS,Medium,-2.02891,119.50178,barat.xlsx
Sulawesi Barat,MAMUJU TENGAH,Tobadak,Batu Parigi,2024-10-30,13:14 WIB,NASA-MODIS,Medium,-2.03042,119.49134,barat.xlsx
Sulawesi Barat,MAMUJU,Bonehau,Kinatang,2024-10-30,12:55 WIB,NASA-NOAA20,Medium,-2.60716,119.34754,barat.xlsx
Sulawesi Barat,POLEWALI MANDAR,Polewali,Kelurahan Darma,2024-11-02,08:45 WIB,NASA-MODIS,Medium,-3.40583,119.31507,barat.xlsx
Sulawesi Barat,POLEWALI MANDAR,Wonomulyo,Kelurahan Sidodadi,2024-11-02,08:45 WIB,NASA-MODIS,Medium,-3.40016,119.21053,barat.xlsx
Sulawesi Barat,MAMUJU TENGAH,Topoyo,Tabolang,2024-11-03,13:22 WIB,NASA-NOAA20,Medium,-2.04926,119.35473,barat.xlsx
Sulawesi Barat,POLEWALI MANDAR,Matangnga,Ba'ba Tapua,2024-11-09,13:09 WIB,NASA-NOAA20,Medium,-3.26784,119.21337,barat.xlsx
Sulawesi Barat,PASANGKAYU,Tikke Raya,Lariang,2024-11-11,12:31 WIB,NASA-NOAA20,Medium,-1.44717,119.36111,barat.xlsx
Sulawesi Barat,MAMUJU TENGAH,Karossa,Karossa,2024-11-18,11:59 WIB,NASA-NOAA20,Medium,-1.80541,119.42009,barat.xlsx
Sulawesi Barat,MAJENE,Sendana,Kelurahan Mosso Dhua,2024-11-21,12:44 WIB,NASA-NOAA20,Medium,-3.42229,118.88706,barat.xlsx
Sulawesi Barat,POLEWALI MANDAR,Tutar,Taloba,2024-12-02,12:37 WIB,NASA-NOAA20,Medium,-3.1448,119.05385,barat.xlsx
Sulawesi Barat,POLEWALI MANDAR,Bulo,Patambanua,2024-12-08,12:25 WIB,NASA-NOAA20,Medium,-3.16082,119.13959,barat.xlsx
Sulawesi Barat,MAMUJU,Tommo,Leling Barat,2024-12-18,12:37 WIB,NASA-NOAA20,Medium,-2.23815,119.40282,barat.xlsx
Sulawesi Barat,MAMUJU,Tapalang Barat,Lebani,2024-12-18,12:37 WIB,NASA-NOAA20,Medium,-2.74964,118.79654,barat.xlsx
Sulawesi Barat,PASANGKAYU,Dapurang,Bulu Bonggu,2024-12-21,13:20 WIB,NASA-MODIS,Medium,-1.68153,119.46526,barat.xlsx
Sulawesi Barat,PASANGKAYU,Dapurang,Bulu Bonggu,2024-12-23,12:44 WIB,NASA-NOAA20,Medium,-1.69647,119.47369,barat.xlsx
Sulawesi Barat,PASANGKAYU,Dapurang,Benggaulu,2024-12-23,12:44 WIB,NASA-NOAA20,Medium,-1.78762,119.53751,barat.xlsx
Sulawesi Barat,MAMUJU,Kalukku,Sondoang,2024-12-30,12:12 WIB,NASA-NOAA20,Medium,-2.57348,119.11015,barat.xlsx
