Provinsi,Kab Kota,Kecamatan,Desa,Tanggal,Waktu,Satelit,Confidence,Latitude,Longitude,TN,TX,TAVG,RH_AVG,RR,SS,FF_X,DDD_X,FF_AVG,DDD_CAR
Maluku Utara,HALMAHERA SELATAN,Obi,Kawasi,2024-01-01,23:45 WIB,NASA-NOAA20,Medium,-1.45387,127.4367,24,32.8,26.8,88,10.4,5,5,270,1,C
Maluku Utara,HALMAHERA SELATAN,Obi,Kawasi,2024-01-02,00:24 WIB,NASA-NOAA20,Medium,-1.46038,127.4374,23.8,32.8,26.4,88,6.4,3.7,4,270,1,C
Maluku,BURU,Waplau,Waplau,2024-01-02,11:04 WIB,NASA-NOAA20,Medium,-3.12405,126.87123,23.9,31.7,26.5,85,0.0,4.9,5,230,3,SW
Maluku Utara,HALMAHERA SELATAN,Obi,Kawasi,2024-01-03,11:59 WIB,NASA-NOAA20,Medium,-1.45805,127.4384,23.6,33.2,26.6,87,4.0,4.5,4,290,1,C
Maluku Utara,HALMAHERA SELATAN,Obi,Kawasi,2024-01-04,00:06 WIB,NASA-NOAA20,Medium,-1.45428,127.4392,23.4,33,27.8,83,53.5,4,4,300,1,C
Maluku Utara,HALMAHERA SELATAN,Obi,Kawasi,2024-01-05,23:22 WIB,NASA-NOAA20,Medium,-1.45497,127.4378,24.2,32.2,27.5,85,6.5,10.3,4,100,1,C
Sulawesi Selatan,LUWU TIMUR,Towuti,Asuli,2024-01-06,00:49 WIB,NASA-NOAA20,High,-2.57702,121.38011,19.4,30,24.4,89,0.0,7.1,6,60,2,E 
Maluku Utara,HALMAHERA SELATAN,Obi,Kawasi,2024-01-06,00:00 WIB,NASA-NOAA20,Medium,-1.45506,127.4374,23.4,29.6,25.4,92,2.0,6.3,3,200,0,C
Maluku,BURU,Lilialy,Waeperang,2024-01-07,11:12 WIB,NASA-NOAA20,Medium,-3.16741,126.92569,24.4,31.5,27.5,86,0.0,0,6,110,3,SW
Maluku Utara,HALMAHERA SELATAN,Obi,Kawasi,2024-01-07,23:41 WIB,NASA-NOAA20,Medium,-1.55887,127.4265,22.8,32.1,28,80,1.2,0.4,4,280,1,C
Maluku Utara,HALMAHERA SELATAN,Obi,Kawasi,2024-01-08,00:41 WIB,NASA-NOAA20,Medium,-1.45723,127.4371,23.4,32.4,27.8,81,0.0,7.7,4,260,1,C
Sulawesi Selatan,LUWU TIMUR,Towuti,Asuli,2024-01-08,01:06 WIB,NASA-MODIS,High,-2.58547,121.38322,19.7,28.5,22.7,92,0.6,4.9,6,70,2,E
Maluku Utara,HALMAHERA SELATAN,Obi,Kawasi,2024-01-09,23:20 WIB,NASA-NOAA20,Medium,-1.45215,127.4358,24.2,32.6,26.9,88,0.0,10.1,4,300,1,C
Sulawesi Tenggara,KONAWE,Morosi,Tondowatu,2024-01-09,20:33 WIB,NASA-MODIS,High,-3.87126,122.4031,23.2,31,26.8,82,0.0,5.8,3,130,1,SE
Sulawesi Selatan,LUWU TIMUR,Towuti,Asuli,2024-01-09,20:33 WIB,NASA-MODIS,High,-2.57628,121.37897,19.6,29.4,23.0,92,16.3,3.2,8,50,2,E
Sulawesi Selatan,TAKALAR,Polombangkeng Utara,Timbuseng,2024-01-09,13:01 WIB,NASA-NOAA20,High,-5.36929,119.51096,19.6,29.4,23.0,92,16.3,3.2,8,50,2,E
Sulawesi Selatan,LUWU TIMUR,Nuha,Sorowako,2024-01-09,20:33 WIB,NASA-MODIS,High,-2.57503,121.38795,19.6,29.4,23.0,92,16.3,3.2,8,50,2,E
Maluku Utara,HALMAHERA SELATAN,Obi,Kawasi,2024-01-10,23:35 WIB,NASA-NOAA20,Medium,-1.45892,127.4372,23.6,33.2,28,76,11.1,3.3,4,270,1,C
Sulawesi Selatan,LUWU TIMUR,Nuha,Sorowako,2024-01-10,01:13 WIB,NASA-MODIS,High,-2.56889,121.37714,16.8,30.4,21.4,89,0.0,7.4,6,40,3,NE
Sulawesi Selatan,LUWU TIMUR,Towuti,Asuli,2024-01-10,20:59 WIB,NASA-MODIS,High,-2.57913,121.3764,16.8,30.4,21.4,89,0.0,7.4,6,40,3,NE
Maluku,MALUKU TENGAH,Seram Utara,Pasahari,2024-01-11,12:16 WIB,NASA-MODIS,Medium,-2.83791,129.64629,25.9,31.7,27.6,85,10.0,5.5,7,330,3,SW
Maluku Utara,HALMAHERA SELATAN,Obi,Kawasi,2024-01-11,23:45 WIB,NASA-NOAA20,Medium,-1.55923,127.4244,23.4,33.4,27.7,84,0.0,8.6,3,280,1,C
Sulawesi Selatan,LUWU TIMUR,Towuti,Asuli,2024-01-12,20:42 WIB,NASA-MODIS,High,-2.57555,121.37915,20.4,28.5,22.6,93,13.7,5.4,4,180,2,C
Maluku,BURU,Fena Leisela,Wamana Baru,2024-01-12,11:18 WIB,NASA-NOAA20,Medium,-3.38243,126.7126,24.8,31.4,27.1,83,2.2,6.6,5,350,3,SW
Maluku Utara,HALMAHERA SELATAN,Obi,Kawasi,2024-01-12,11:23 WIB,NASA-NOAA20,Medium,-1.45812,127.4406,23.4,32,28,84,6.3,5,3,100,0,C
Maluku Utara,HALMAHERA SELATAN,Obi,Kawasi,2024-01-13,11:50 WIB,NASA-NOAA20,Medium,-1.45916,127.4373,25,31.5,27.8,84,1.4,3.6,3,70,1,C
Maluku Utara,HALMAHERA SELATAN,Obi,Kawasi,2024-01-17,23:05 WIB,NASA-NOAA20,Medium,-1.55804,127.4264,24.6,33.6,28.3,79,18.2,2.6,4,350,1,C
Maluku,MALUKU TENGAH,Kota Masohi,Kelurahan Namaelo,2024-01-17,08:36 WIB,NASA-MODIS,Medium,-3.3017,128.96204,25,32.4,29.9,75,0.5,0.2,5,310,3,NW
Maluku Utara,HALMAHERA SELATAN,Obi,Kawasi,2024-01-18,23:16 WIB,NASA-NOAA20,Medium,-1.56082,127.4252,24.8,31.8,26.8,89,5.6,6.6,3,50,0,C
Maluku Utara,HALMAHERA SELATAN,Obi,Kawasi,2024-01-19,00:00 WIB,NASA-NOAA20,Medium,-1.56214,127.429,24.4,32,27.1,89,8.0,1.2,4,310,1,C
Maluku,MALUKU TENGAH,Nusa Laut,Akoon,2024-01-19,12:27 WIB,NASA-NOAA20,High,-3.67013,128.7962,26.8,32.6,29.7,77,4.2,7.7,7,250,4,W
Maluku,MALUKU TENGAH,Saparua,Porto,2024-01-20,12:08 WIB,NASA-NOAA20,Medium,-3.51998,128.62093,27,31.8,29.2,79,6.9,9.3,7,280,4,W
Maluku Utara,HALMAHERA SELATAN,Obi,Kawasi,2024-01-20,23:34 WIB,NASA-NOAA20,Medium,-1.45624,127.4387,23.2,32,27.3,87,11.3,3.8,4,210,1,C
Maluku,BURU,Fena Leisela,Waelana-lana,2024-01-20,12:08 WIB,NASA-NOAA20,Medium,-3.28416,126.73267,24.8,31.5,27.7,79,3.6,8,7,360,4,N
Maluku Utara,HALMAHERA SELATAN,Obi,Kawasi,2024-01-24,23:45 WIB,NASA-NOAA20,Medium,-1.55904,127.4284,23.4,33.1,28.2,78,0.0,5,4,60,1,C
Maluku,MALUKU TENGAH,Kota Masohi,Kelurahan Namaelo,2024-01-24,08:26 WIB,NASA-MODIS,Medium,-3.30047,128.96414,27.2,32.8,30.1,75,0.0,3.9,6,290,3,NW
Maluku Utara,HALMAHERA SELATAN,Obi,Kawasi,2024-01-25,23:45 WIB,NASA-NOAA20,Medium,-1.45859,127.4355,24.8,33.8,28.5,74,0.0,7.3,3,20,1,C
Maluku,MALUKU TENGAH,Amahai,Nuweletetu,2024-01-25,12:05 WIB,NASA-MODIS,Medium,-3.35875,129.17964,28.6,32.2,30,74,0.2,4.5,9,290,5,W
Maluku Utara,HALMAHERA SELATAN,Obi,Kawasi,2024-01-26,12:27 WIB,NASA-NOAA20,Medium,-1.4601,127.4384,23,32.1,27.7,76,0.0,7.5,3,30,1,C
Maluku,BURU,Fena Leisela,Wamana Baru,2024-01-27,11:36 WIB,NASA-NOAA20,Medium,-3.37099,126.75476,23.6,31.4,27.8,82,0.0,7,5,320,3,NW
Maluku,MALUKU TENGAH,Amahai,Hatuhenu,2024-01-27,11:36 WIB,NASA-NOAA20,Medium,-3.27345,129.03706,26,32.9,30,73,0.0,7.2,6,300,4,W
Maluku,SERAM BAGIAN BARAT,Elpaputih,Abio Ahiolo,2024-01-27,11:36 WIB,NASA-NOAA20,Medium,-3.13578,128.58109,25.2,30.8,27.8,85,6.0,2.4,8,290,5,NW
Maluku Utara,HALMAHERA SELATAN,Obi,Kawasi,2024-01-27,00:00 WIB,NASA-NOAA20,Medium,-1.4577,127.4354,23.6,31.7,27.3,82,0.0,1.7,4,230,1,C
Maluku Utara,HALMAHERA SELATAN,Obi,Kawasi,2024-01-28,23:35 WIB,NASA-NOAA20,Medium,-1.55822,127.4256,24,31,26.5,89,1.1,6.9,4,170,1,C
Maluku Utara,HALMAHERA SELATAN,Obi,Kawasi,2024-01-29,23:52 WIB,NASA-NOAA20,Medium,-1.45826,127.4351,24.6,32.3,28.3,77,27.0,0,6,270,2,C
Maluku,BURU,Fena Leisela,Waereman,2024-01-29,08:32 WIB,NASA-MODIS,Medium,-3.47328,126.58656,25.4,31.6,27.5,87,0.0,2.6,5,10,2,SW
Maluku,MALUKU TENGAH,Nusa Laut,Abubu,2024-01-29,23:41 WIB,NASA-NOAA20,Medium,-3.6843,128.79056,26.2,32.8,29.9,75,0.0,6.1,7,300,4,W
Maluku Utara,HALMAHERA SELATAN,Obi,Kawasi,2024-01-30,23:22 WIB,NASA-NOAA20,Medium,-1.45473,127.4372,24,32.6,28.2,79,0.0,8.5,5,310,1,C
Maluku,MALUKU TENGAH,Kota Masohi,Kelurahan Namaelo,2024-01-31,08:15 WIB,NASA-MODIS,Medium,-3.3048,128.96281,27.2,30.8,28.6,81,1.2,5.1,6,250,4,W
Maluku Utara,HALMAHERA SELATAN,Obi,Kawasi,2024-01-31,23:22 WIB,NASA-NOAA20,Medium,-1.56177,127.4279,24.4,33,28.2,80,0.0,9.4,4,270,1,C
Maluku Utara,HALMAHERA SELATAN,Obi,Kawasi,2024-02-01,23:34 WIB,NASA-NOAA20,Medium,-1.55703,127.4266,24.4,32.5,28.1,80,0.0,8.5,4,300,1,C
Maluku Utara,HALMAHERA SELATAN,Obi,Kawasi,2024-02-02,23:54 WIB,NASA-NOAA20,Medium,-1.45747,127.436,24,33.2,28.3,77,0.0,10.7,5,290,1,C
Maluku,MALUKU TENGAH,Saparua,Porto,2024-02-02,11:25 WIB,NASA-NOAA20,Medium,-3.54452,128.59914,27.2,31.6,28.9,82,5.5,6.9,7,270,2,NW
Maluku Utara,HALMAHERA SELATAN,Obi,Kawasi,2024-02-03,23:34 WIB,NASA-NOAA20,Medium,-1.45457,127.4357,24.2,33.6,28.7,80,0.0,9.3,5,70,1,C
Maluku Utara,HALMAHERA SELATAN,Obi,Kawasi,2024-02-07,23:13 WIB,NASA-NOAA20,Medium,-1.45862,127.4369,23.8,33.3,28,77,0.0,1.9,3,60,1,C
Sulawesi Selatan,LUWU TIMUR,Towuti,Asuli,2024-02-07,12:44 WIB,NASA-MODIS,High,-2.58478,121.38168,21,28,23.0,92,2.8,2.4,5,70,1,C 
Maluku Utara,HALMAHERA SELATAN,Obi,Kawasi,2024-02-08,00:00 WIB,NASA-NOAA20,Medium,-1.45505,127.4362,23.6,32.8,28.1,78,0.0,4.2,3,290,1,C
Sulawesi Selatan,LUWU TIMUR,Nuha,Sorowako,2024-02-08,23:28 WIB,NASA-NOAA20,High,-2.57146,121.37928,19.6,28.8,23.3,91,0.1,5.7,7,50,2,E
Maluku Utara,HALMAHERA SELATAN,Obi,Kawasi,2024-02-09,23:52 WIB,NASA-NOAA20,Medium,-1.45605,127.4363,24,33.6,28.4,78,0.0,4.1,4,240,1,C
Maluku Utara,HALMAHERA SELATAN,Obi,Kawasi,2024-02-10,23:34 WIB,NASA-NOAA20,Medium,-1.45622,127.4376,24.2,33.4,28.3,79,0.0,8.8,4,290,1,C
Maluku,MALUKU TENGAH,Pulau Haruku,Pelauw,2024-02-10,12:14 WIB,NASA-NOAA20,Medium,-3.52446,128.50914,25.8,32.3,29.2,80,0.0,10,4,290,2,W
Maluku Utara,HALMAHERA SELATAN,Obi,Kawasi,2024-02-11,11:53 WIB,NASA-NOAA20,Medium,-1.45909,127.4358,24.2,33.7,27.3,84,0.0,9,4,300,1,C
Maluku,MALUKU TENGAH,Saparua,Porto,2024-02-12,11:36 WIB,NASA-NOAA20,Medium,-3.55171,128.62383,27.7,32.4,29.9,79,3.4,8.9,5,270,3,NW
Maluku Utara,HALMAHERA SELATAN,Obi,Kawasi,2024-02-12,23:33 WIB,NASA-NOAA20,Medium,-1.56306,127.427,24,32.2,27.1,85,1.0,5.4,5,80,1,C
Maluku Utara,HALMAHERA SELATAN,Obi,Kawasi,2024-02-13,12:20 WIB,NASA-NOAA20,Medium,-1.45898,127.4383,23,32,26.7,85,2.3,4.7,4,280,1,C
Maluku,MALUKU TENGAH,Salahutu,Waai,2024-02-14,12:40 WIB,NASA-NOAA20,Medium,-3.53591,128.34077,26.2,31.6,28.8,82,20.8,2.8,4,310,2,NW
Maluku Utara,HALMAHERA SELATAN,Obi,Kawasi,2024-02-14,11:36 WIB,NASA-NOAA20,Medium,-1.45929,127.4383,24,31.6,26.8,84,12.7,7.6,6,100,3,E
Maluku Utara,HALMAHERA SELATAN,Obi,Kawasi,2024-02-15,00:43 WIB,NASA-NOAA20,Medium,-1.45679,127.4342,24.2,32.8,27.9,76,0.0,4.1,7,100,2,C
Maluku Utara,HALMAHERA SELATAN,Obi,Kawasi,2024-02-16,23:22 WIB,NASA-NOAA20,Medium,-1.56035,127.4243,24.2,31.4,27.9,81,0.0,9.8,6,40,2,C
Maluku,SERAM BAGIAN TIMUR,Teluk Waru,Dawang,2024-02-16,12:01 WIB,NASA-NOAA20,Medium,-3.29508,130.60069,26.6,33.6,29.4,77,,6.5,3,360,1,N
Maluku Utara,HALMAHERA SELATAN,Obi,Kawasi,2024-02-17,12:20 WIB,NASA-NOAA20,Medium,-1.4571,127.4366,25,32.2,27.4,81,1.5,4.5,2,120,0,C
Maluku Utara,HALMAHERA SELATAN,Obi,Kawasi,2024-02-18,11:55 WIB,NASA-NOAA20,Medium,-1.45654,127.4386,23,32,27.5,85,0.0,5.6,3,290,1,C
Maluku Utara,HALMAHERA SELATAN,Obi,Kawasi,2024-02-19,23:22 WIB,NASA-NOAA20,Medium,-1.56437,127.4262,24.4,32,27.7,83,1.0,7.1,4,270,1,C
Maluku Utara,HALMAHERA SELATAN,Obi,Kawasi,2024-02-20,00:15 WIB,NASA-NOAA20,Medium,-1.5679,127.4271,24.5,32.6,27.2,84,0.0,4.1,4,90,2,C
Maluku Utara,HALMAHERA SELATAN,Obi,Kawasi,2024-02-21,23:13 WIB,NASA-NOAA20,Medium,-1.5623,127.4231,23.6,32.4,28.1,83,14.6,4.3,4,40,2,E
Maluku,BURU,Fena Leisela,Wamana Baru,2024-02-21,12:40 WIB,NASA-MODIS,Medium,-3.35684,126.80125,25,31.4,28,86,0.0,8.6,7,360,3,SW
Maluku,SERAM BAGIAN TIMUR,Bula,Bula,2024-02-21,12:08 WIB,NASA-NOAA20,Medium,-3.07762,130.42514,27.2,33.4,29.7,80,,10.5,4,20,2,N
Maluku,MALUKU TENGAH,Kota Masohi,Kelurahan Namaelo,2024-02-22,08:24 WIB,NASA-MODIS,Medium,-3.30217,128.96162,26.2,32.2,28.8,85,0.0,9.3,2,100,1,NW
Maluku Utara,HALMAHERA SELATAN,Obi,Kawasi,2024-02-22,23:48 WIB,NASA-NOAA20,Medium,-1.5606,127.4274,25,33.2,28.2,78,0.0,7.3,8,50,3,E
Maluku Utara,HALMAHERA SELATAN,Obi,Kawasi,2024-02-23,11:12 WIB,NASA-NOAA20,Medium,-1.45656,127.4427,24.4,31.4,27.6,80,0.0,10.2,5,90,2,E
Maluku Utara,HALMAHERA SELATAN,Obi,Kawasi,2024-02-24,00:00 WIB,NASA-NOAA20,Medium,-1.45989,127.4373,23,33,27.1,82,0.0,2.3,4,280,1,C
Maluku Utara,HALMAHERA SELATAN,Obi,Kawasi,2024-02-25,23:03 WIB,NASA-NOAA20,Medium,-1.45608,127.4361,23.6,33,28.1,78,5.0,6.2,4,280,1,C
Maluku Utara,HALMAHERA SELATAN,Obi,Kawasi,2024-02-26,23:45 WIB,NASA-NOAA20,Medium,-1.45673,127.4362,23.4,33,27.6,76,0.0,10.7,5,230,1,C
Maluku,MALUKU TENGAH,Amahai,Amahai,2024-02-27,11:55 WIB,NASA-NOAA20,Medium,-3.30215,129.01176,28.2,32.6,29.8,77,0.0,9.9,6,290,3,W
Maluku Utara,HALMAHERA SELATAN,Obi,Kawasi,2024-02-27,23:39 WIB,NASA-NOAA20,Medium,-1.45944,127.4355,23,33.4,28.2,79,0.0,9,5,290,1,C
Maluku,KOTA AMBON,Leitimur Selatan,Hutumury,2024-02-28,11:36 WIB,NASA-NOAA20,Medium,-3.64853,128.26738,28,31.4,28.8,82,0.0,8.8,3,80,1,W
Maluku Utara,HALMAHERA SELATAN,Obi,Kawasi,2024-02-28,11:32 WIB,NASA-NOAA20,Medium,-1.45994,127.4388,25,32.8,28.4,78,17.2,6.6,4,320,1,C
Maluku,MALUKU TENGAH,Kota Masohi,Kelurahan Namaelo,2024-02-28,12:33 WIB,NASA-MODIS,Medium,-3.3059,128.96289,28,36.1,30.4,72,0.0,9.5,4,90,2,N
Maluku Utara,HALMAHERA SELATAN,Obi,Kawasi,2024-02-29,23:28 WIB,NASA-NOAA20,Medium,-1.55713,127.4274,23,33.6,28.7,79,0.0,7.4,5,70,2,C
Maluku,MALUKU TENGAH,Kota Masohi,Kelurahan Namaelo,2024-02-29,08:11 WIB,NASA-MODIS,Medium,-3.30139,128.96442,26.2,32.4,29.4,81,0.0,5.2,4,70,2,E
Maluku Utara,HALMAHERA SELATAN,Obi,Kawasi,2024-03-02,11:44 WIB,NASA-NOAA20,Medium,-1.45935,127.4352,22.8,31.8,26.4,88,8.3,5.7,5,80,2,C
Maluku Utara,HALMAHERA SELATAN,Obi,Kawasi,2024-03-03,23:28 WIB,NASA-NOAA20,Medium,-1.46004,127.4375,24,31.4,27,87,87.0,5.3,3,100,1,C
Maluku,MALUKU TENGAH,Seram Utara,Wahai,2024-03-03,08:36 WIB,NASA-MODIS,Medium,-2.91318,129.29564,25.7,31.4,28,86,1.1,2.3,3,300,2,W
Maluku Utara,HALMAHERA SELATAN,Obi,Kawasi,2024-03-04,00:00 WIB,NASA-NOAA20,Medium,-1.5637,127.4269,24.2,31.6,26.6,88,3.0,5.2,4,170,2,E
Maluku Utara,HALMAHERA SELATAN,Obi,Kawasi,2024-03-05,23:41 WIB,NASA-NOAA20,Medium,-1.56048,127.4257,24.2,32.2,27,87,2.6,4.3,4,50,1,C
Maluku,MALUKU TENGAH,Seram Utara,Wahai,2024-03-06,12:27 WIB,NASA-MODIS,Medium,-2.91915,129.29166,25.2,32.2,29.1,83,0.3,8.4,4,250,1,NW
Maluku Utara,HALMAHERA SELATAN,Obi,Kawasi,2024-03-06,23:54 WIB,NASA-NOAA20,Medium,-1.45977,127.439,24.2,33,28.8,83,8.0,4.6,4,280,1,C
Sulawesi Selatan,LUWU TIMUR,Towuti,Asuli,2024-03-06,20:44 WIB,NASA-MODIS,High,-2.57945,121.37719,21.1,28.2,22.9,92,4.0,5.0,5,100,2,C 
Maluku Utara,HALMAHERA SELATAN,Obi,Kawasi,2024-03-07,23:45 WIB,NASA-NOAA20,Medium,-1.5572,127.4278,26,33.2,27.4,87,0.0,8.5,4,280,1,C
Maluku,MALUKU TENGAH,Seram Utara,Wahai,2024-03-07,08:02 WIB,NASA-MODIS,Medium,-2.9052,129.29732,27,32,29.1,82,0.2,5.5,5,310,2,W
Sulawesi Selatan,LUWU TIMUR,Towuti,Timampu,2024-03-08,13:08 WIB,NASA-MODIS,High,-2.68295,121.3856,18.2,28,22.0,90,1.9,7.7,6,60,3,W
Sulawesi Selatan,LUWU TIMUR,Towuti,Asuli,2024-03-08,20:46 WIB,NASA-MODIS,High,-2.576,121.37714,18.2,28,22.0,90,1.9,7.7,6,60,3,W
Sulawesi Selatan,TAKALAR,Polombangkeng Selatan,Moncongkomba,2024-03-08,20:46 WIB,NASA-MODIS,High,-5.40992,119.49657,18.2,28,22.0,90,1.9,7.7,6,60,3,W
Sulawesi Selatan,LUWU TIMUR,Nuha,Sorowako,2024-03-08,08:28 WIB,NASA-MODIS,High,-2.57417,121.38068,18.2,28,22.0,90,1.9,7.7,6,60,3,W
Maluku Utara,HALMAHERA SELATAN,Obi,Kawasi,2024-03-09,23:45 WIB,NASA-NOAA20,Medium,-1.45781,127.4397,22.2,31,27.5,83,2.7,0.4,3,300,1,C
Sulawesi Tenggara,KONAWE,Morosi,Porara,2024-03-10,20:42 WIB,NASA-MODIS,High,-3.87171,122.40366,24.6,32.4,28.7,78,37.1,0.5,3,100,1,E
Sulawesi Selatan,LUWU TIMUR,Nuha,Sorowako,2024-03-10,00:54 WIB,NASA-MODIS,High,-2.57574,121.38333,21,26.1,22.4,94,0.3,4.3,4,200,2,NE
Maluku Utara,HALMAHERA SELATAN,Obi,Kawasi,2024-03-11,23:54 WIB,NASA-NOAA20,Medium,-1.45524,127.4384,25,32.8,28.3,78,0.8,5.2,5,360,2,N
Maluku Utara,HALMAHERA SELATAN,Obi,Kawasi,2024-03-12,00:24 WIB,NASA-NOAA20,Medium,-1.45892,127.4345,25.2,32.4,28.1,79,0.0,6.6,3,320,1,C
Sulawesi Selatan,LUWU TIMUR,Towuti,Asuli,2024-03-12,20:25 WIB,NASA-MODIS,High,-2.58409,121.37563,20.2,29.5,23.4,89,7.5,7.5,3,30,1,NE
Sulawesi Selatan,LUWU TIMUR,Nuha,Sorowako,2024-03-12,20:25 WIB,NASA-MODIS,High,-2.57477,121.37447,20.2,29.5,23.4,89,7.5,7.5,3,30,1,NE
Maluku Utara,HALMAHERA SELATAN,Obi,Kawasi,2024-03-13,12:29 WIB,NASA-NOAA20,Medium,-1.45903,127.4362,24.8,33,28.9,78,0.0,5.2,3,310,1,C
Maluku,SERAM BAGIAN TIMUR,Werinama,Bemo Perak,2024-03-13,12:14 WIB,NASA-NOAA20,Medium,-3.39462,130.05127,26.6,34,30,74,,2.8,6,350,3,N
Maluku Utara,HALMAHERA SELATAN,Obi,Kawasi,2024-03-16,23:28 WIB,NASA-NOAA20,Medium,-1.55683,127.4245,24.8,32.7,27.6,84,64.1,5.3,4,260,1,C
Maluku,SERAM BAGIAN TIMUR,Siwalalat,Polin,2024-03-16,11:19 WIB,NASA-NOAA20,Medium,-3.32626,129.90239,26,32.6,28.8,82,5.5,3.6,7,290,3,S
Maluku Utara,HALMAHERA SELATAN,Obi,Kawasi,2024-03-17,11:33 WIB,NASA-NOAA20,Medium,-1.55887,127.4273,24.6,33,28,79,0.6,6.5,3,350,0,C
Maluku Utara,HALMAHERA SELATAN,Obi,Kawasi,2024-03-18,12:27 WIB,NASA-NOAA20,Medium,-1.45871,127.4395,24.2,33.4,27.5,74,0.0,6.5,4,290,1,C
Maluku Utara,HALMAHERA SELATAN,Obi,Kawasi,2024-03-19,23:54 WIB,NASA-NOAA20,Medium,-1.56371,127.4266,22.4,31.8,27.9,76,0.0,8.5,6,270,1,C
Maluku,MALUKU TENGAH,Saparua,Kulur,2024-03-19,12:01 WIB,NASA-NOAA20,Medium,-3.50402,128.59816,26.4,32,29.8,76,0.0,9.4,5,260,4,W
Maluku Utara,HALMAHERA SELATAN,Obi,Kawasi,2024-03-20,23:20 WIB,NASA-NOAA20,Medium,-1.56238,127.426,22.8,33.4,28.1,76,0.0,10.7,4,240,1,C
Maluku Utara,HALMAHERA SELATAN,Obi,Kawasi,2024-03-22,11:06 WIB,NASA-NOAA20,Medium,-1.45909,127.4389,24.6,32.6,26.8,85,0.0,8.9,4,90,1,C
Maluku Utara,HALMAHERA SELATAN,Obi,Kawasi,2024-03-24,11:06 WIB,NASA-NOAA20,Medium,-1.45578,127.4421,24.6,32,28.3,79,4.4,6.4,6,90,2,E
Maluku Utara,HALMAHERA SELATAN,Obi,Kawasi,2024-03-26,23:45 WIB,NASA-NOAA20,Medium,-1.56065,127.4262,24.8,30.4,26.5,89,0.0,5.5,3,90,1,C
Maluku Utara,HALMAHERA SELATAN,Obi,Kawasi,2024-03-27,23:45 WIB,NASA-NOAA20,Medium,-1.45716,127.4352,24,31.8,27.1,86,25.0,0.4,3,10,1,C
Maluku Utara,HALMAHERA SELATAN,Obi,Kawasi,2024-03-28,23:28 WIB,NASA-NOAA20,Medium,-1.45549,127.4397,23.6,32.2,26.9,86,6.3,5.1,4,290,1,C
Maluku Utara,HALMAHERA SELATAN,Obi,Kawasi,2024-03-29,12:29 WIB,NASA-NOAA20,Medium,-1.45947,127.4369,23.6,31.8,26,90,4.1,7.8,6,260,1,C
Maluku Utara,HALMAHERA SELATAN,Obi,Kawasi,2024-03-30,23:28 WIB,NASA-NOAA20,Medium,-1.56074,127.4261,23,32.4,27.8,82,72.5,3.1,4,240,1,C
Maluku Utara,HALMAHERA SELATAN,Obi,Kawasi,2024-03-31,11:44 WIB,NASA-NOAA20,Medium,-1.4585,127.4352,24.6,32.5,28.2,85,5.8,9.3,4,270,1,C
Maluku Utara,HALMAHERA SELATAN,Obi,Kawasi,2024-04-01,23:37 WIB,NASA-NOAA20,Medium,-1.45633,127.4381,25.4,32.5,27.5,85,5.6,9.3,3,290,1,SE
Maluku Utara,HALMAHERA SELATAN,Obi,Kawasi,2024-04-03,11:55 WIB,NASA-NOAA20,Medium,-1.46114,127.436,25.2,31.4,26.8,88,18.2,3.6,4,80,1,C
Maluku,MALUKU TENGAH,Seram Utara,Wahai,2024-04-03,11:59 WIB,NASA-MODIS,Medium,-2.91152,129.29651,26.1,31.6,28.8,83,6.2,0.4,4,240,1,N
Maluku Utara,HALMAHERA SELATAN,Obi,Kawasi,2024-04-06,11:55 WIB,NASA-NOAA20,Medium,-1.45784,127.4355,25.2,31.2,27.8,86,0.3,5.9,5,70,2,E
Maluku Utara,HALMAHERA SELATAN,Obi,Kawasi,2024-04-07,00:11 WIB,NASA-NOAA20,Medium,-1.45675,127.435,25.2,31.6,26.9,88,18.5,3.7,3,90,1,C
Maluku Utara,HALMAHERA SELATAN,Obi,Kawasi,2024-04-08,00:22 WIB,NASA-NOAA20,Medium,-1.45679,127.4348,23.6,30.4,25.8,91,0.0,1,4,260,1,C
Sulawesi Selatan,LUWU TIMUR,Towuti,Asuli,2024-04-08,01:28 WIB,NASA-MODIS,High,-2.57933,121.38788,16.6,29.2,21.4,88,0.0,7.5,6,60,2,C
Sulawesi Selatan,LUWU TIMUR,Nuha,Sorowako,2024-04-08,00:49 WIB,NASA-NOAA20,High,-2.5729,121.38151,16.6,29.2,21.4,88,0.0,7.5,6,60,2,C
Maluku Utara,HALMAHERA SELATAN,Obi,Kawasi,2024-04-09,00:32 WIB,NASA-NOAA20,Medium,-1.53075,127.4211,23.8,32,27.9,83,9.2,0.7,5,330,1,C
Sulawesi Selatan,TAKALAR,Polombangkeng Utara,Barugaya,2024-04-09,20:55 WIB,NASA-MODIS,High,-5.37656,119.55788,18.4,29.3,22.9,91,0.0,5.9,5,50,2,C
Sulawesi Tengah,TOJO UNA UNA,Ulubongka,Kasiala,2024-04-09,13:27 WIB,NASA-MODIS,High,-1.28191,121.64656,23,32.2,26.7,87,16.3,5.2,4,310,1,E
Maluku Utara,HALMAHERA SELATAN,Obi,Kawasi,2024-04-10,12:08 WIB,NASA-NOAA20,Medium,-1.45906,127.4376,24,31,26.3,87,0.0,4.9,5,300,1,C
Sulawesi Selatan,LUWU TIMUR,Towuti,Asuli,2024-04-11,13:18 WIB,NASA-MODIS,High,-2.57733,121.37295,19.6,27.9,22.6,91,40.5,4.7,5,200,2,N
Maluku Utara,HALMAHERA SELATAN,Obi,Kawasi,2024-04-11,23:26 WIB,NASA-NOAA20,Medium,-1.45296,127.4344,22.4,32.8,27.7,80,3.9,3.2,5,270,1,C
Sulawesi Selatan,LUWU TIMUR,Towuti,Asuli,2024-04-12,01:15 WIB,NASA-MODIS,High,-2.57658,121.377,20,28.7,23.3,91,30.0,0.2,5,240,2,SW
Maluku Utara,HALMAHERA SELATAN,Obi,Kawasi,2024-04-12,12:01 WIB,NASA-NOAA20,Medium,-1.45782,127.4374,23,32.6,27.8,80,0.0,5.8,2,50,1,C
Maluku,MALUKU TENGAH,Seram Utara,Wahai,2024-04-13,12:16 WIB,NASA-MODIS,Medium,-2.91782,129.29803,24.9,30.2,27.5,87,87.0,3.1,2,110,1,W
Maluku Utara,HALMAHERA SELATAN,Obi,Kawasi,2024-04-13,23:35 WIB,NASA-NOAA20,Medium,-1.45296,127.4362,23.2,32.6,27.9,80,1.1,6.7,4,80,1,C
Maluku Utara,HALMAHERA SELATAN,Obi,Kawasi,2024-04-14,23:45 WIB,NASA-NOAA20,Medium,-1.45756,127.4388,24,32.2,27.2,82,0.0,6.2,3,260,1,C
Maluku Utara,HALMAHERA SELATAN,Obi,Kawasi,2024-04-15,00:11 WIB,NASA-NOAA20,Medium,-1.45812,127.4341,23.2,32.4,27.9,83,0.0,6.2,4,310,1,C
Maluku Utara,HALMAHERA SELATAN,Obi,Kawasi,2024-04-17,00:20 WIB,NASA-NOAA20,Medium,-1.45795,127.436,24,32.5,28.3,81,0.0,11,4,270,1,C
Maluku Utara,HALMAHERA SELATAN,Obi,Kawasi,2024-04-18,00:00 WIB,NASA-NOAA20,Medium,-1.45943,127.435,24,33.2,28.3,81,9.8,10.2,5,260,2,C
Maluku Utara,HALMAHERA SELATAN,Obi,Kawasi,2024-04-19,11:38 WIB,NASA-NOAA20,Medium,-1.4597,127.4381,25,33,27.2,86,1.4,6.5,3,250,1,C
Maluku Utara,HALMAHERA SELATAN,Obi,Kawasi,2024-04-20,12:25 WIB,NASA-NOAA20,Medium,-1.46072,127.4359,24,32.8,27.4,87,3.1,0,3,60,1,C
Maluku,BURU,Air Buaya,Bara,2024-04-20,11:38 WIB,NASA-NOAA20,Medium,-3.14292,126.25136,26.4,32.4,27.9,88,2.0,7.7,5,90,2,NW
Maluku Utara,HALMAHERA SELATAN,Obi,Kawasi,2024-04-21,23:34 WIB,NASA-NOAA20,Medium,-1.4575,127.4331,24.6,31,27.4,87,2.2,5,4,40,1,C
Maluku,MALUKU TENGAH,Seram Utara,Wahai,2024-04-21,11:19 WIB,NASA-NOAA20,Medium,-2.81271,129.48766,25,31.9,28.4,86,39.8,4.1,5,90,2,W
Maluku Utara,HALMAHERA SELATAN,Obi,Kawasi,2024-04-22,23:45 WIB,NASA-NOAA20,Medium,-1.56426,127.4266,24.4,33,28.2,81,8.2,4,7,50,2,C
Maluku Utara,HALMAHERA SELATAN,Obi,Kawasi,2024-04-23,23:34 WIB,NASA-NOAA20,Medium,-1.45519,127.4368,24.4,32.4,27.4,85,0.0,7.2,3,270,1,C
Maluku Utara,HALMAHERA SELATAN,Obi,Kawasi,2024-04-24,23:28 WIB,NASA-NOAA20,Medium,-1.45942,127.436,23.4,33.3,28.5,82,3.9,3.7,6,70,2,E
Maluku Utara,HALMAHERA SELATAN,Obi,Kawasi,2024-04-25,00:28 WIB,NASA-NOAA20,Medium,-1.53164,127.4207,25,33.2,28.7,79,0.5,9.3,6,70,2,C
Maluku,MALUKU TENGAH,Seram Utara,Wahai,2024-04-25,08:22 WIB,NASA-MODIS,Medium,-2.91163,129.30568,26.2,32,29.1,81,0.7,9,5,90,2,E
Maluku Utara,HALMAHERA SELATAN,Obi,Kawasi,2024-04-26,23:54 WIB,NASA-NOAA20,Medium,-1.56108,127.4271,24.6,33.4,28.5,81,0.0,9.5,5,50,1,C
Maluku Utara,HALMAHERA SELATAN,Obi,Kawasi,2024-04-27,23:54 WIB,NASA-NOAA20,Medium,-1.45928,127.4366,24.8,32,28,82,1.8,8.9,3,80,1,C
Maluku Utara,HALMAHERA SELATAN,Obi,Kawasi,2024-04-28,23:48 WIB,NASA-NOAA20,Medium,-1.56424,127.4273,24,33.4,28.4,81,0.0,6.3,5,80,2,C
Maluku,KOTA AMBON,Sirimau,Batu Merah,2024-05-02,08:09 WIB,NASA-MODIS,Medium,-3.68452,128.22058,25.2,31.4,27.5,90,21.2,3.8,4,20,1,NE
Maluku,MALUKU TENGAH,Seram Utara,Wahai,2024-05-02,08:09 WIB,NASA-MODIS,Medium,-2.90909,129.29657,25.2,28.8,26.5,94,37.1,0,4,250,1,W
Sulawesi Selatan,LUWU TIMUR,Nuha,Sorowako,2024-05-07,08:39 WIB,NASA-MODIS,High,-2.57317,121.38895,20.1,26.2,22.1,93,0.0,4.3,5,70,1,C 
Sulawesi Selatan,LUWU TIMUR,Nuha,Sorowako,2024-05-10,20:23 WIB,NASA-MODIS,High,-2.57505,121.37341,20.2,28.8,24.0,80,0.0,8.0,9,30,5,N
Sulawesi Selatan,LUWU TIMUR,Towuti,Asuli,2024-05-10,23:28 WIB,NASA-NOAA20,High,-2.57594,121.37159,20.2,28.8,24.0,80,0.0,8.0,9,30,5,N
Sulawesi Selatan,LUWU TIMUR,Towuti,Tokalimbo,2024-05-10,12:57 WIB,NASA-MODIS,High,-2.93934,121.34004,20.2,28.8,24.0,80,0.0,8.0,9,30,5,N
Maluku,MALUKU TENGAH,Seram Utara,Wahai,2024-05-10,12:44 WIB,NASA-MODIS,Medium,-2.91542,129.29695,26.8,31.6,28.4,84,0.0,5.3,8,140,4,SE
Maluku,MALUKU TENGAH,Seram Utara,Wahai,2024-05-14,12:10 WIB,NASA-MODIS,Medium,-2.91044,129.29161,26.1,30.8,28.3,85,5.1,0,8,90,5,E
Maluku,MALUKU TENGAH,Seram Utara,Wahai,2024-05-17,08:26 WIB,NASA-MODIS,Medium,-2.91237,129.29863,25.2,31,27.9,85,3.0,8.7,13,110,4,E
Maluku,MALUKU TENGAH,Seram Utara,Malaku,2024-05-27,11:44 WIB,NASA-NOAA20,Medium,-2.79736,129.43671,26.5,30.4,28.4,84,8.8,0,8,90,3,E
Maluku,MALUKU TENGAH,Kota Masohi,Kelurahan Lesane,2024-05-29,12:33 WIB,NASA-MODIS,Medium,-3.30087,128.96045,24.4,30.8,28.2,85,2.7,2.2,5,90,2,E
Maluku,MALUKU TENGAH,Seram Utara Timur Seti,Seti,2024-05-30,12:25 WIB,NASA-NOAA20,Medium,-3.06318,129.87309,25,31.2,28.7,85,0.0,9.3,3,80,1,E
Maluku,MALUKU TENGAH,Seram Utara,Wahai,2024-06-03,08:26 WIB,NASA-MODIS,Medium,-2.91487,129.30302,26.2,30.8,28,81,4.2,5.1,7,100,5,SE
Sulawesi Selatan,LUWU TIMUR,Nuha,Sorowako,2024-06-09,13:10 WIB,NASA-MODIS,High,-2.56859,121.3821,20.2,28.2,23.2,90,8.8,5.1,5,60,2,C
Sulawesi Selatan,LUWU TIMUR,Towuti,Asuli,2024-06-10,08:43 WIB,NASA-MODIS,High,-2.58249,121.38351,18.6,28,22.7,86,0.0,8.0,7,50,4,NE
Sulawesi Selatan,LUWU TIMUR,Nuha,Sorowako,2024-06-10,13:37 WIB,NASA-MODIS,High,-2.55855,121.37684,18.6,28,22.7,86,0.0,8.0,7,50,4,NE
Sulawesi Tenggara,KOLAKA,Watubangga,Kastura,2024-06-10,21:01 WIB,NASA-MODIS,High,-4.47823,121.64438,23,32.6,27.8,78,0.0,8.0,3,110,1,C
Sulawesi Selatan,LUWU TIMUR,Towuti,Wawondula,2024-06-10,01:17 WIB,NASA-MODIS,High,-2.6388,121.37389,18.6,28,22.7,86,0.0,8.0,7,50,4,NE
Sulawesi Selatan,LUWU TIMUR,Towuti,Asuli,2024-06-11,00:43 WIB,NASA-MODIS,High,-2.58558,121.37916,19,28.4,23.0,87,0.0,8.0,4,70,2,W
Sulawesi Selatan,LUWU TIMUR,Towuti,Asuli,2024-06-12,08:26 WIB,NASA-MODIS,High,-2.57608,121.37737,20.6,28.7,22.3,93,44.7,4.0,5,240,3,SW
Maluku,SERAM BAGIAN TIMUR,Bula,Bula,2024-06-23,11:36 WIB,NASA-NOAA20,Medium,-3.13476,130.47473,25.8,30.8,27.6,86,0.0,5,5,140,2,SE
Sulawesi Selatan,LUWU TIMUR,Towuti,Asuli,2024-06-23,21:05 WIB,NASA-MODIS,High,-2.58117,121.37235,16.7,27.4,22.8,90,0.2,1.8,7,70,2,C 
Sulawesi Selatan,LUWU TIMUR,Nuha,Sorowako,2024-06-26,01:15 WIB,NASA-MODIS,High,-2.57396,121.38796,20,29.4,22.0,94,59.5,6.5,4,70,1,C 
Sulawesi Selatan,LUWU TIMUR,Towuti,Asuli,2024-06-27,01:02 WIB,NASA-NOAA20,High,-2.57857,121.38293,18.5,28.7,22.7,90,2.2,1.3,6,80,2,C 
Sulawesi Selatan,LUWU TIMUR,Nuha,Sorowako,2024-06-27,08:11 WIB,NASA-MODIS,High,-2.57437,121.38227,18.5,28.7,22.7,90,2.2,1.3,6,80,2,C 
Sulawesi Selatan,LUWU TIMUR,Towuti,Asuli,2024-07-06,01:26 WIB,NASA-MODIS,High,-2.58044,121.37338,19.1,28.8,22.3,93,0.0,3.3,7,50,2,C 
Sulawesi Tenggara,MUNA,Kabawo,Bente,2024-07-09,12:50 WIB,NASA-NOAA20,High,-5.00967,122.45778,25.3,31.3,27.9,84,1.0,7.5,3,120,1,C
Sulawesi Tengah,MOROWALI UTARA,Mori Atas,Saemba,2024-07-10,11:46 WIB,NASA-NOAA20,High,-2.04206,120.85957,21,30.7,25.1,94,3.0,8.0,5,120,1,E
Sulawesi Tengah,POSO,Pamona Selatan,Boe,2024-07-10,11:46 WIB,NASA-NOAA20,High,-2.07998,120.63885,21,30.7,25.1,94,3.0,8.0,5,120,1,E
Sulawesi Tengah,TOJO UNA UNA,Ulubongka,Kasiala,2024-07-10,12:40 WIB,NASA-MODIS,High,-1.34928,121.6451,21,30.7,25.1,94,3.0,8.0,5,120,1,E
Sulawesi Selatan,LUWU TIMUR,Towuti,Asuli,2024-07-11,01:21 WIB,NASA-MODIS,High,-2.58767,121.3761,21.1,27.8,23.0,89,4.3,7.4,5,240,2,C
Maluku,MALUKU TENGAH,Seram Utara Barat,Latea,2024-07-13,11:59 WIB,NASA-NOAA20,Medium,-2.85742,128.91284,24.4,29.3,27,77,0.7,8,6,150,2,SE
Maluku,MALUKU TENGAH,Seram Utara Timur Kobi,Kobi,2024-07-18,12:08 WIB,NASA-NOAA20,Medium,-2.92183,129.81146,21.3,26.9,25.4,81,1.2,4.4,9,130,6,SE
Sulawesi Selatan,LUWU TIMUR,Towuti,Asuli,2024-07-20,13:29 WIB,NASA-MODIS,High,-2.58344,121.38206,19.4,28.6,22.9,88,0.0,6.4,7,50,2,C
Sulawesi Selatan,LUWU TIMUR,Towuti,Asuli,2024-07-24,20:38 WIB,NASA-MODIS,High,-2.57696,121.38158,20.6,28.9,23.5,87,0.0,6.7,6,60,2,C
Maluku,MALUKU TENGAH,Seram Utara Timur Kobi,Maneo Rendah,2024-07-27,12:38 WIB,NASA-NOAA20,Medium,-3.05121,129.85475,24,30.5,26.8,87,0.0,6.8,4,90,2,E
Maluku,SERAM BAGIAN TIMUR,Bula,Bula,2024-07-31,00:24 WIB,NASA-NOAA20,Medium,-3.11582,130.41035,25,29.2,26.8,87,1.4,3.9,6,150,3,SE
Maluku,MALUKU TENGAH,Seram Utara Timur Seti,Aketernate,2024-07-31,11:21 WIB,NASA-NOAA20,Medium,-3.15271,130.0482,25,30.2,26.7,84,1.0,4.1,8,130,5,SE
Sulawesi Selatan,LUWU TIMUR,Nuha,Sorowako,2024-08-06,00:30 WIB,NASA-MODIS,High,-2.57598,121.38316,19.4,28.1,22.8,93,0.0,5.3,5,70,1,C 
Sulawesi Selatan,LUWU TIMUR,Towuti,Asuli,2024-08-06,08:32 WIB,NASA-MODIS,High,-2.58092,121.38652,19.4,28.1,22.8,93,0.0,5.3,5,70,1,C 
Maluku,MALUKU TENGAH,Seram Utara Timur Kobi,Kobi,2024-08-09,11:53 WIB,NASA-NOAA20,Medium,-2.94161,129.8219,24.4,29,26.7,85,6.9,0.7,6,120,4,SE
Sulawesi Selatan,LUWU TIMUR,Towuti,Asuli,2024-08-10,00:58 WIB,NASA-MODIS,High,-2.60609,121.36983,19.7,27.3,22.6,91,0.0,8.0,5,10,3,N
Sulawesi Tengah,MOROWALI UTARA,Mamosalato,Lijo,2024-08-10,13:18 WIB,NASA-MODIS,High,-1.39885,121.91864,23,30.2,26.3,90,28.4,3.2,3,90,1,E
Sulawesi Selatan,LUWU TIMUR,Towuti,Asuli,2024-08-11,20:10 WIB,NASA-MODIS,High,-2.58387,121.37861,20.4,28,23.3,92,23.2,4.1,5,40,2,NE
Maluku,MALUKU TENGAH,Seram Utara,Pasahari,2024-08-13,12:21 WIB,NASA-NOAA20,High,-2.84106,129.63983,25.2,28.8,26.6,80,0.0,5.3,5,150,4,SE
Sulawesi Selatan,LUWU TIMUR,Nuha,Sorowako,2024-08-14,01:02 WIB,NASA-NOAA20,High,-2.57347,121.38027,19.6,28,22.5,86,0.2,3.2,6,80,3,C
Maluku,MALUKU TENGAH,Seram Utara Timur Seti,Aketernate,2024-08-15,08:20 WIB,NASA-MODIS,Medium,-3.11597,130.06021,24,29.4,26.6,77,0.1,4.1,5,160,3,S
Sulawesi Selatan,LUWU TIMUR,Towuti,Asuli,2024-08-15,00:43 WIB,NASA-MODIS,High,-2.59752,121.38941,15.2,28.4,20.5,90,0.0,8.0,6,50,2,C
Sulawesi Selatan,LUWU TIMUR,Nuha,Sorowako,2024-08-15,20:40 WIB,NASA-MODIS,High,-2.57495,121.38233,15.2,28.4,20.5,90,0.0,8.0,6,50,2,C
Maluku,MALUKU TENGAH,Seram Utara Timur Seti,Aketernate,2024-08-16,11:21 WIB,NASA-NOAA20,Medium,-3.08374,130.10284,24,29.3,26.4,81,0.0,8,5,160,3,S
Sulawesi Selatan,LUWU TIMUR,Towuti,Asuli,2024-08-16,13:03 WIB,NASA-NOAA20,High,-2.57725,121.38393,17,29.7,22.5,89,0.0,6.4,7,70,3,E
Sulawesi Selatan,LUWU TIMUR,Nuha,Sorowako,2024-08-16,09:00 WIB,NASA-MODIS,High,-2.57336,121.38721,17,29.7,22.5,89,0.0,6.4,7,70,3,E
Sulawesi Selatan,LUWU TIMUR,Nuha,Sorowako,2024-08-18,08:41 WIB,NASA-MODIS,High,-2.57663,121.39245,19,27.8,22.8,87,0.0,8.0,6,50,2,C
Sulawesi Selatan,LUWU TIMUR,Towuti,Asuli,2024-08-18,21:01 WIB,NASA-MODIS,High,-2.5753,121.37891,19,27.8,22.8,87,0.0,8.0,6,50,2,C
Sulawesi Tenggara,KONAWE,Routa,Tanggola,2024-08-20,13:10 WIB,NASA-MODIS,High,-2.97335,121.65077,23.5,31,26.7,85,0.0,7.5,3,130,1,NE
Sulawesi Selatan,LUWU TIMUR,Towuti,Tokalimbo,2024-08-20,20:44 WIB,NASA-MODIS,High,-2.94459,121.47785,20,30,23.6,88,0.4,6.3,6,50,2,C
Sulawesi Selatan,LUWU TIMUR,Towuti,Asuli,2024-08-20,20:44 WIB,NASA-MODIS,High,-2.58037,121.38261,20,30,23.6,88,0.4,6.3,6,50,2,C
Sulawesi Selatan,LUWU TIMUR,Nuha,Sorowako,2024-08-20,20:44 WIB,NASA-MODIS,High,-2.57137,121.38125,20,30,23.6,88,0.4,6.3,6,50,2,C
Sulawesi Selatan,LUWU TIMUR,Towuti,Asuli,2024-08-24,20:06 WIB,NASA-MODIS,High,-2.57999,121.372,18.9,25.2,21.2,91,18.5,0.5,5,110,2,C
Sulawesi Selatan,TAKALAR,Polombangkeng Utara,Barugaya,2024-08-25,20:46 WIB,NASA-MODIS,High,-5.36359,119.55309,17.4,28,21.1,90,0.0,1.3,6,110,3,E
Sulawesi Selatan,TAKALAR,Polombangkeng Utara,Barugaya,2024-08-26,13:16 WIB,NASA-NOAA20,High,-5.35495,119.53286,17,25,21.4,89,0.2,5.2,4,80,1,C
Sulawesi Selatan,TAKALAR,Polombangkeng Utara,Kampung Beru,2024-08-26,13:16 WIB,NASA-NOAA20,High,-5.34866,119.53181,17,25,21.4,89,0.2,5.2,4,80,1,C
Maluku,BURU,Waplau,Waeura,2024-08-26,11:36 WIB,NASA-NOAA20,Medium,-3.11194,126.80975,25,31.8,27.4,88,0.0,8,5,170,3,SE
Maluku,SERAM BAGIAN TIMUR,Bula,Bula,2024-09-01,11:21 WIB,NASA-NOAA20,Medium,-3.18234,130.5385,25,30.4,27.2,88,0.0,8,6,180,3,SE
Sulawesi Selatan,LUWU TIMUR,Nuha,Sorowako,2024-09-06,23:41 WIB,NASA-NOAA20,High,-2.57319,121.38301,18.9,29.2,23.7,91,1.0,3.8,6,90,2,C 
Sulawesi Selatan,LUWU TIMUR,Nuha,Sorowako,2024-09-07,20:23 WIB,NASA-MODIS,High,-2.57245,121.37388,18.2,26.3,20.7,94,5.3,0.0,6,60,1,C
Maluku,MALUKU TENGAH,Seram Utara Barat,Karlutu Kara,2024-09-09,23:13 WIB,NASA-NOAA20,Medium,-2.82853,129.03563,25.8,29.7,27.2,76,0.0,2.3,6,120,4,SE
Sulawesi Selatan,LUWU TIMUR,Towuti,Asuli,2024-09-09,08:41 WIB,NASA-MODIS,High,-2.57642,121.38318,19.8,28.8,23.1,88,0.8,6.0,6,90,2,E
Sulawesi Tenggara,KOTA BAU BAU,Sorawolio,Kelurahan Kaisabu Baru,2024-09-10,12:50 WIB,NASA-NOAA20,High,-5.4472,122.67281,25,30.6,26.5,91,18.7,4.1,3,120,1,C
Sulawesi Selatan,LUWU TIMUR,Nuha,Sorowako,2024-09-11,20:48 WIB,NASA-MODIS,High,-2.57315,121.37564,19.6,28.8,23.6,88,35.9,7.0,6,40,2,C
Sulawesi Selatan,LUWU TIMUR,Towuti,Asuli,2024-09-11,01:02 WIB,NASA-MODIS,High,-2.59544,121.37977,19.6,28.8,23.6,88,35.9,7.0,6,40,2,C
Sulawesi Tenggara,KONAWE UTARA,Asera,Amorome Utama,2024-09-11,13:20 WIB,NASA-MODIS,High,-3.52273,122.0404,25.7,33,28.7,84,0.0,8.0,3,140,1,C
Sulawesi Tenggara,KONAWE,Routa,Puuwiwirano,2024-09-13,12:55 WIB,NASA-MODIS,High,-3.00735,121.6789,21.8,31.4,26.5,85,0.0,8.0,3,110,1,C
Sulawesi Selatan,LUWU TIMUR,Towuti,Asuli,2024-09-13,23:39 WIB,NASA-NOAA20,High,-2.57743,121.37346,16.5,28.5,21.5,85,0.0,8.0,7,80,3,E
Maluku,MALUKU TENGAH,Seram Utara Timur Kobi,Maneo Rendah,2024-09-13,23:39 WIB,NASA-NOAA20,Medium,-3.04979,129.80957,25.8,29.8,27.6,79,0.0,8,8,120,4,SE
Sulawesi Selatan,LUWU TIMUR,Nuha,Sorowako,2024-09-14,01:17 WIB,NASA-MODIS,High,-2.57348,121.37996,14.2,28,19.8,86,0.0,5.7,8,70,3,E
Maluku,MALUKU TENGAH,Seram Utara Barat,Latea,2024-09-14,23:20 WIB,NASA-NOAA20,Medium,-2.85181,128.92203,26.4,29.8,27.8,75,0.0,8,6,140,4,S
Sulawesi Selatan,LUWU TIMUR,Nuha,Sorowako,2024-09-15,20:06 WIB,NASA-MODIS,High,-2.56296,121.3777,16,28,20.6,89,0.0,8.0,8,60,2,C
Sulawesi Tengah,POSO,Lore Piore,Watutau,2024-09-16,13:18 WIB,NASA-MODIS,High,-1.5331,120.34908,23.8,33,28.5,83,0.0,8.0,4,310,2,SE
Sulawesi Tenggara,KOTA KENDARI,Poasia,Kelurahan Andonohu,2024-09-16,11:40 WIB,NASA-NOAA20,High,-4.06149,122.56579,22.6,31.7,27.1,78,0.0,6.8,3,130,1,SE
Sulawesi Selatan,LUWU TIMUR,Towuti,Asuli,2024-09-16,08:26 WIB,NASA-MODIS,High,-2.58241,121.37707,16.4,29.2,21.4,91,0.0,7.8,7,50,2,C
Sulawesi Tenggara,KONAWE SELATAN,Angata,Puao,2024-09-16,11:40 WIB,NASA-NOAA20,High,-4.18099,122.16818,22.6,31.7,27.1,78,0.0,6.8,3,130,1,SE
Sulawesi Selatan,LUWU TIMUR,Nuha,Sorowako,2024-09-16,13:18 WIB,NASA-MODIS,High,-2.57393,121.37329,16.4,29.2,21.4,91,0.0,7.8,7,50,2,C
Sulawesi Tenggara,BOMBANA,Mata Usu,Morengke,2024-09-17,13:01 WIB,NASA-NOAA20,High,-4.45774,121.79491,22.9,32,27.1,81,0.0,8.0,3,130,1,E
Sulawesi Tenggara,MUNA BARAT,Tiworo Kepulauan,Wandoke,2024-09-18,12:44 WIB,NASA-NOAA20,High,-4.81589,122.45905,23.8,32.3,28.0,83,0.0,8.0,3,240,1,E
Maluku,BURU,Fena Leisela,Waelana-lana,2024-09-18,00:05 WIB,NASA-NOAA20,Medium,-3.30981,126.77783,26.2,30.2,27.9,83,1.2,4.4,6,90,3,E
Sulawesi Selatan,LUWU UTARA,Seko,Embonatana,2024-09-20,12:06 WIB,NASA-NOAA20,High,-2.33922,119.84212,20,30.8,24.4,86,0.0,8.0,6,60,2,C
Sulawesi Selatan,LUWU TIMUR,Nuha,Sorowako,2024-09-21,20:53 WIB,NASA-MODIS,High,-2.57501,121.38242,19.2,32.4,24.3,83,0.0,3.4,7,280,2,C
Sulawesi Tenggara,KOLAKA,Watubangga,Mataosu Ujung,2024-09-21,11:46 WIB,NASA-NOAA20,High,-4.41351,121.77551,26.8,32,29.0,85,0.0,3.7,3,110,1,E
Sulawesi Tengah,MOROWALI UTARA,Mori Atas,Kolaka,2024-09-21,11:49 WIB,NASA-NOAA20,High,-2.09406,121.12448,26.2,30.2,26.8,92,4.0,5.6,5,300,1,E
Maluku,MALUKU TENGAH,Amahai,Nuweletetu,2024-09-21,11:46 WIB,NASA-NOAA20,Medium,-3.22115,129.09644,25.9,31.4,28.5,82,0.0,0.3,5,90,2,E
Sulawesi Selatan,LUWU TIMUR,Towuti,Asuli,2024-09-21,01:04 WIB,NASA-MODIS,High,-2.58101,121.3868,19.2,32.4,24.3,83,0.0,3.4,7,280,2,C
Sulawesi Tenggara,BOMBANA,Lantari Jaya,Lambikasi,2024-09-22,13:08 WIB,NASA-NOAA20,High,-4.57735,121.98124,25.2,32.4,28.2,80,0.2,6.3,4,130,1,NE
Maluku,MALUKU TENGAH,Leihitu,Wakal,2024-09-22,11:27 WIB,NASA-NOAA20,Medium,-3.63603,128.14787,24,30.2,27.2,87,0.0,8,4,160,1,W
Sulawesi Selatan,LUWU TIMUR,Towuti,Asuli,2024-09-23,08:13 WIB,NASA-MODIS,High,-2.58235,121.38003,17.5,31.7,22.7,89,1.5,7.2,5,200,1,C
Maluku,SERAM BAGIAN TIMUR,Werinama,Gusalaut,2024-09-25,12:12 WIB,NASA-NOAA20,Medium,-3.61657,130.35049,25,30.9,28,86,0.4,0,4,190,2,S
Maluku,MALUKU TENGGARA,Hoat Sorbay,Evu,2024-09-26,11:53 WIB,NASA-NOAA20,Medium,-5.82202,132.74222,23.6,31.4,27.2,86,0.0,8,3,100,2,E
Sulawesi Tenggara,MUNA BARAT,Wadaga,Lakanaha,2024-09-27,11:34 WIB,NASA-NOAA20,High,-4.86739,122.50578,24.5,32.5,27.8,84,0.0,8.0,2,120,1,E
Sulawesi Selatan,LUWU TIMUR,Towuti,Asuli,2024-09-28,12:55 WIB,NASA-NOAA20,High,-2.57778,121.38175,19.6,29.2,23.4,90,1.2,8.0,6,90,2,E
Maluku,MALUKU TENGGARA,Hoat Sorbay,Warwut,2024-09-28,11:14 WIB,NASA-NOAA20,Medium,-5.86688,132.71877,24.6,31.6,27.9,84,0.0,2.7,6,120,2,SE
Maluku,MALUKU TENGGARA,Kei Kecil Timur,Semawi,2024-09-29,10:55 WIB,NASA-NOAA20,Medium,-5.80572,132.75357,24.6,31.4,27.8,85,0.0,8,5,80,2,E
Sulawesi Selatan,LUWU TIMUR,Towuti,Asuli,2024-09-30,20:18 WIB,NASA-MODIS,High,-2.5804,121.37032,18.7,28,22.3,90,5.5,5.9,8,60,2,C
Sulawesi Tenggara,MUNA,Bone,Bhone Kainsetala,2024-09-30,12:53 WIB,NASA-MODIS,High,-5.14628,122.45547,24.7,33,28.0,82,0.9,8.0,3,110,1,E
Maluku,MALUKU TENGGARA,Kei Besar Selatan Barat,Hoko,2024-10-02,11:40 WIB,NASA-NOAA20,Medium,-5.86222,132.88869,21,31.2,26.2,86,0.0,6,5,120,2,E
Maluku,SERAM BAGIAN BARAT,Huamual Belakang,Tahalupu,2024-10-03,00:24 WIB,NASA-NOAA20,Medium,-3.25138,127.72279,25.8,31,27.6,81,0.0,8,6,80,4,E
Maluku,MALUKU TENGGARA,Kei Kecil,Dudunwahan,2024-10-04,11:02 WIB,NASA-NOAA20,Medium,-5.62967,132.69028,25,30.4,27.9,81,23.2,0.4,5,100,2,E
Sulawesi Tenggara,BUTON TENGAH,Mawasangka,Gumanano,2024-10-07,12:55 WIB,NASA-NOAA20,High,-5.3836,122.30357,23.8,31.5,27.2,84,12.1,1.5,3,130,1,SE
Sulawesi Selatan,LUWU TIMUR,Nuha,Sorowako,2024-10-08,00:39 WIB,NASA-MODIS,High,-2.57522,121.38737,15.1,27.4,20.2,88,0.0,6.7,7,50,3,E
Sulawesi Selatan,LUWU TIMUR,Towuti,Asuli,2024-10-08,00:39 WIB,NASA-MODIS,High,-2.58228,121.3811,15.1,27.4,20.2,88,0.0,6.7,7,50,3,E
Sulawesi Selatan,JENEPONTO,Bangkala Barat,Kelurahan Bulu Jaya,2024-10-08,11:36 WIB,NASA-NOAA20,High,-5.49417,119.52982,15.1,27.4,20.2,88,0.0,6.7,7,50,3,E
Sulawesi Selatan,LUWU TIMUR,Towuti,Asuli,2024-10-10,23:35 WIB,NASA-NOAA20,High,-2.57969,121.37321,20.7,28,23.2,89,4.4,8.0,5,50,3,N
Sulawesi Tengah,MOROWALI UTARA,Bungku Utara,Taronggo,2024-10-10,12:59 WIB,NASA-MODIS,High,-1.49888,121.56448,23.8,31.6,27.1,90,4.7,7.7,4,320,1,SE
Sulawesi Selatan,LUWU TIMUR,Towuti,Asuli,2024-10-11,01:42 WIB,NASA-MODIS,High,-2.58496,121.38035,18.1,28.7,22.7,92,0.0,8.0,5,200,2,S
Sulawesi Tengah,TOJO UNA UNA,Ulubongka,Rompi,2024-10-11,12:50 WIB,NASA-NOAA20,High,-1.08959,121.44617,23.7,32,27.8,87,1.6,7.2,3,300,2,E
Maluku,SERAM BAGIAN BARAT,Taniwel,Hulung,2024-10-12,11:55 WIB,NASA-NOAA20,Medium,-2.86097,128.57385,27,32.4,28.4,83,0.0,8,7,110,4,E
Maluku,MALUKU TENGGARA,Kei Kecil,Kelanit,2024-10-12,11:53 WIB,NASA-NOAA20,Medium,-5.65455,132.68768,24.2,30.1,27.4,90,3.7,1.3,4,70,1,C
Sulawesi Tengah,BANGGAI,Bualemo,Nipa Kalemoan,2024-10-13,08:30 WIB,NASA-MODIS,High,-0.60436,123.22041,23.4,31.4,26.9,92,0.0,8.0,5,70,1,C
Sulawesi Selatan,LUWU TIMUR,Towuti,Asuli,2024-10-13,01:04 WIB,NASA-MODIS,High,-2.61041,121.3764,21.2,29.2,24.0,88,0.0,8.0,6,20,2,SW
Sulawesi Tenggara,BUTON,Pasarwajo,Waangu-Angu,2024-10-13,11:34 WIB,NASA-NOAA20,High,-5.44892,122.77208,25.6,32.3,28.8,82,0.0,8.0,3,140,1,C
Maluku,SERAM BAGIAN BARAT,Huamual Belakang,Sole,2024-10-15,12:38 WIB,NASA-NOAA20,Medium,-3.15909,127.75204,25.6,32.3,28.8,75,0.0,8,4,80,3,E
Sulawesi Selatan,LUWU TIMUR,Nuha,Sorowako,2024-10-15,13:03 WIB,NASA-MODIS,High,-2.57111,121.37717,20,28.1,23.0,90,22.9,5.1,5,20,3,NE
Sulawesi Selatan,LUWU TIMUR,Towuti,Asuli,2024-10-17,20:12 WIB,NASA-MODIS,High,-2.57758,121.37107,20.3,28,22.9,90,11.6,1.6,5,40,2,C
Sulawesi Selatan,LUWU TIMUR,Nuha,Sorowako,2024-10-17,20:12 WIB,NASA-MODIS,High,-2.5753,121.38766,20.3,28,22.9,90,11.6,1.6,5,40,2,C
Sulawesi Tenggara,KONAWE UTARA,Asera,Alaa Wanggudu,2024-10-18,13:25 WIB,NASA-MODIS,High,-3.47022,122.12117,24.2,32.4,28.0,82,0.0,8.0,3,110,1,E
Sulawesi Tenggara,BUTON,Lasalimu,Talaga Baru,2024-10-18,11:40 WIB,NASA-NOAA20,High,-5.19406,123.08535,24.2,32.4,28.0,82,0.0,8.0,3,110,1,E
Sulawesi Tenggara,BUTON UTARA,Kulisusu Barat,Lambale,2024-10-18,11:40 WIB,NASA-NOAA20,High,-4.68614,123.03441,24.2,32.4,28.0,82,0.0,8.0,3,110,1,E
Sulawesi Tenggara,MUNA BARAT,Lawa,Lagadi,2024-10-18,11:40 WIB,NASA-NOAA20,High,-4.90401,122.62433,24.2,32.4,28.0,82,0.0,8.0,3,110,1,E
Sulawesi Selatan,LUWU TIMUR,Towuti,Asuli,2024-10-18,08:34 WIB,NASA-MODIS,High,-2.58194,121.37634,19.4,28.6,22.9,89,0.4,5.0,6,50,1,C
Sulawesi Tenggara,BUTON UTARA,Kulisusu Barat,Lapandewa,2024-10-18,11:40 WIB,NASA-NOAA20,High,-4.65528,123.0698,24.2,32.4,28.0,82,0.0,8.0,3,110,1,E
Sulawesi Selatan,LUWU TIMUR,Towuti,Asuli,2024-10-19,13:03 WIB,NASA-NOAA20,High,-2.58038,121.3793,19.1,29.6,23.0,88,5.1,8.0,4,250,2,SW
Sulawesi Selatan,KEPULAUAN SELAYAR,Bontosikuyu,Patilereng,2024-10-19,13:01 WIB,NASA-NOAA20,High,-6.22199,120.49567,19.1,29.6,23.0,88,5.1,8.0,4,250,2,SW
Sulawesi Tenggara,KOLAKA,Watubangga,Mataosu,2024-10-19,13:01 WIB,NASA-NOAA20,High,-4.44344,121.7243,24.3,32.7,28.1,80,0.0,8.0,3,100,1,C
Sulawesi Tenggara,KONAWE SELATAN,Baito,Matabubu,2024-10-19,13:01 WIB,NASA-NOAA20,High,-4.28293,122.2923,24.3,32.7,28.1,80,0.0,8.0,3,100,1,C
Sulawesi Selatan,SIDENRENG RAPPANG,Watang Pulu,Mattirotasi,2024-10-19,13:01 WIB,NASA-NOAA20,High,-3.99516,119.71181,19.1,29.6,23.0,88,5.1,8.0,4,250,2,SW
Sulawesi Tenggara,BOMBANA,Lantari Jaya,Lantari,2024-10-19,13:01 WIB,NASA-NOAA20,High,-4.58429,122.00397,24.3,32.7,28.1,80,0.0,8.0,3,100,1,C
Sulawesi Tenggara,KOLAKA,Watubangga,Kastura,2024-10-19,13:01 WIB,NASA-NOAA20,High,-4.47927,121.65891,24.3,32.7,28.1,80,0.0,8.0,3,100,1,C
Maluku,SERAM BAGIAN BARAT,Huamual Belakang,Sole,2024-10-19,11:21 WIB,NASA-NOAA20,Medium,-3.15908,127.75116,25,31.4,27.8,84,0.0,7,5,120,3,SE
Sulawesi Tengah,BANGGAI,Mantoh,Sulubombong,2024-10-20,12:44 WIB,NASA-NOAA20,High,-0.9956,123.33692,23.2,32.1,29.2,80,3.6,3.2,3,310,1,E
Sulawesi Tengah,MOROWALI UTARA,Petasia Timur,Peboa,2024-10-20,13:10 WIB,NASA-MODIS,High,-2.15155,121.41843,23.2,32.1,29.2,80,3.6,3.2,3,310,1,E
Sulawesi Selatan,LUWU TIMUR,Towuti,Asuli,2024-10-20,13:08 WIB,NASA-MODIS,High,-2.57926,121.3829,20,27.7,22.2,92,0.0,7.7,4,40,2,N
Sulawesi Selatan,LUWU TIMUR,Nuha,Sorowako,2024-10-20,00:49 WIB,NASA-MODIS,High,-2.5762,121.38708,20,27.7,22.2,92,0.0,7.7,4,40,2,N
Sulawesi Tenggara,BOMBANA,Lantari Jaya,Tinabite,2024-10-20,13:08 WIB,NASA-MODIS,High,-4.57948,121.90394,24.1,33.8,28.6,79,0.0,8.0,3,130,1,E
Sulawesi Tenggara,KOLAKA,Polinggona,Plasma Jaya,2024-10-20,13:08 WIB,NASA-MODIS,High,-4.43897,121.73193,24.1,33.8,28.6,79,0.0,8.0,3,130,1,E
Sulawesi Tenggara,BOMBANA,Rumbia,Kelurahan Lameroro,2024-10-20,13:08 WIB,NASA-MODIS,High,-4.73932,122.00854,24.1,33.8,28.6,79,0.0,8.0,3,130,1,E
Sulawesi Tenggara,BUTON UTARA,Kulisusu Barat,Lapandewa,2024-10-20,13:08 WIB,NASA-MODIS,High,-4.66084,123.07142,24.1,33.8,28.6,79,0.0,8.0,3,130,1,E
Sulawesi Tengah,MOROWALI UTARA,Bungku Utara,Matube,2024-10-20,13:10 WIB,NASA-MODIS,High,-1.8403,121.58877,23.2,32.1,29.2,80,3.6,3.2,3,310,1,E
Sulawesi Selatan,LUWU TIMUR,Towuti,Asuli,2024-10-21,08:56 WIB,NASA-MODIS,High,-2.58025,121.38294,19.4,29,23.1,86,25.7,8.0,5,210,3,SW
Sulawesi Selatan,KEPULAUAN SELAYAR,Pasimarannu,Lambego,2024-10-21,12:23 WIB,NASA-NOAA20,High,-7.30392,121.05984,19.4,29,23.1,86,25.7,8.0,5,210,3,SW
Sulawesi Tenggara,BUTON UTARA,Kulisusu Barat,Lauki,2024-10-21,12:23 WIB,NASA-NOAA20,High,-4.69742,122.99732,24.3,33.4,28.7,80,0.0,8.0,3,130,1,C
Sulawesi Selatan,LUWU TIMUR,Towuti,Asuli,2024-10-22,12:50 WIB,NASA-MODIS,High,-2.58533,121.36907,19.4,29.3,23.2,89,0.0,8.0,6,220,2,SW
Maluku,SERAM BAGIAN TIMUR,Bula,Salas,2024-10-22,12:06 WIB,NASA-NOAA20,Medium,-3.18878,130.53754,27.2,31.5,28.8,82,0.0,5.8,6,200,5,S
Maluku,MALUKU TENGGARA,Kei Kecil Timur,Semawi,2024-10-22,12:06 WIB,NASA-NOAA20,Medium,-5.82189,132.75984,21.2,31.4,26.6,85,0.0,8,5,120,2,C
Maluku,SERAM BAGIAN BARAT,Seram Barat,Kawa,2024-10-22,12:06 WIB,NASA-NOAA20,Medium,-2.97748,128.10001,26,33.6,28.5,75,0.0,8,3,170,1,C
Sulawesi Tenggara,BUTON,Lasalimu,Wasambaa,2024-10-23,11:46 WIB,NASA-NOAA20,High,-5.25432,123.08454,25,34.8,29.0,74,7.0,8.0,2,210,1,S
Sulawesi Tenggara,KONAWE UTARA,Motui,Sama Subur,2024-10-23,01:11 WIB,NASA-MODIS,High,-3.86469,122.40645,25,34.8,29.0,74,7.0,8.0,2,210,1,S
Sulawesi Selatan,LUWU TIMUR,Malili,Ussu,2024-10-23,11:46 WIB,NASA-NOAA20,High,-2.59563,121.12486,18.8,29.2,23.1,86,0.0,8.0,5,100,2,C
Sulawesi Selatan,LUWU TIMUR,Towuti,Asuli,2024-10-23,01:11 WIB,NASA-MODIS,High,-2.57597,121.37885,18.8,29.2,23.1,86,0.0,8.0,5,100,2,C
Sulawesi Selatan,LUWU TIMUR,Towuti,Mahalona,2024-10-23,13:29 WIB,NASA-MODIS,High,-2.53137,121.57176,18.8,29.2,23.1,86,0.0,8.0,5,100,2,C
Sulawesi Tengah,MOROWALI UTARA,Mamosalato,Uepakatu,2024-10-24,11:29 WIB,NASA-NOAA20,High,-1.46805,121.81234,23.4,34.4,28.6,79,0.0,6.2,3,320,1,E
Sulawesi Tengah,BANGGAI,Kintom,Dimpalon,2024-10-24,11:29 WIB,NASA-NOAA20,High,-1.11078,122.63683,23.4,34.4,28.6,79,0.0,6.2,3,320,1,E
Sulawesi Tengah,MOROWALI UTARA,Mamosalato,Menyo'e,2024-10-24,11:29 WIB,NASA-NOAA20,High,-1.42412,121.66251,23.4,34.4,28.6,79,0.0,6.2,3,320,1,E
Sulawesi Utara,BOLAANG MONGONDOW,Dumoga Barat,Toraut Utara,2024-10-24,11:29 WIB,NASA-NOAA20,High,0.57004,123.86513,23,35.4,29.3,63,0.0,8.0,3,230,1,S
Sulawesi Tengah,MOROWALI UTARA,Bungku Utara,Uempanapa,2024-10-24,11:29 WIB,NASA-NOAA20,High,-1.65047,121.74729,23.4,34.4,28.6,79,0.0,6.2,3,320,1,E
Maluku,MALUKU TENGAH,Seram Utara Barat,Karlutu Kara,2024-10-24,11:27 WIB,NASA-NOAA20,Medium,-2.83906,129.05391,25.8,32.2,28.4,81,0.0,7.2,4,90,2,E
Sulawesi Tengah,TOLI TOLI,Lampasio,Janja,2024-10-25,13:12 WIB,NASA-MODIS,High,0.8769,120.83159,24.8,33.7,29.9,79,0.0,8.0,4,300,2,E
Sulawesi Tengah,TOJO UNA UNA,Ulubongka,Bongkakoy,2024-10-25,13:12 WIB,NASA-MODIS,High,-1.08821,121.40623,24.8,33.7,29.9,79,0.0,8.0,4,300,2,E
Sulawesi Tengah,MOROWALI UTARA,Bungku Utara,Tokonanaka,2024-10-25,12:50 WIB,NASA-NOAA20,High,-1.77499,121.56886,24.8,33.7,29.9,79,0.0,8.0,4,300,2,E
Sulawesi Tengah,MOROWALI UTARA,Mamosalato,Sea,2024-10-25,12:50 WIB,NASA-NOAA20,High,-1.47718,121.87165,24.8,33.7,29.9,79,0.0,8.0,4,300,2,E
Sulawesi Tengah,MOROWALI UTARA,Mamosalato,Winangobino,2024-10-25,12:50 WIB,NASA-NOAA20,High,-1.55642,121.95019,24.8,33.7,29.9,79,0.0,8.0,4,300,2,E
Sulawesi Tengah,MOROWALI UTARA,Mamosalato,Lijo,2024-10-25,13:12 WIB,NASA-MODIS,High,-1.41724,121.93141,24.8,33.7,29.9,79,0.0,8.0,4,300,2,E
Sulawesi Tengah,TOJO UNA UNA,Ampana Tete,Giri Mulyo,2024-10-25,12:50 WIB,NASA-NOAA20,High,-1.29003,121.97193,24.8,33.7,29.9,79,0.0,8.0,4,300,2,E
Sulawesi Tenggara,KONAWE UTARA,Oheo,Sambandete,2024-10-25,13:12 WIB,NASA-MODIS,High,-3.36843,122.09171,26.4,34.4,30.2,78,0.3,8.0,2,210,1,E
Sulawesi Tenggara,BUTON,Lasalimu Selatan,Umalaoge,2024-10-25,12:50 WIB,NASA-NOAA20,High,-5.26561,123.18404,26.4,34.4,30.2,78,0.3,8.0,2,210,1,E
Sulawesi Selatan,LUWU TIMUR,Nuha,Sorowako,2024-10-25,20:40 WIB,NASA-MODIS,High,-2.57531,121.37456,16.9,29.8,22.2,91,3.3,5.9,4,130,1,C
Sulawesi Selatan,LUWU TIMUR,Towuti,Loeha,2024-10-25,13:12 WIB,NASA-MODIS,High,-2.75772,121.65879,16.9,29.8,22.2,91,3.3,5.9,4,130,1,C
Sulawesi Tenggara,BUTON,Wolowa,Galanti,2024-10-25,12:50 WIB,NASA-NOAA20,High,-5.39672,122.92035,26.4,34.4,30.2,78,0.3,8.0,2,210,1,E
Sulawesi Tenggara,BUTON,Lasalimu,Lasembangi,2024-10-25,12:50 WIB,NASA-NOAA20,High,-5.21379,123.04732,26.4,34.4,30.2,78,0.3,8.0,2,210,1,E
Sulawesi Selatan,LUWU TIMUR,Towuti,Asuli,2024-10-25,13:12 WIB,NASA-MODIS,High,-2.58731,121.37183,16.9,29.8,22.2,91,3.3,5.9,4,130,1,C
Maluku,SERAM BAGIAN TIMUR,Bula,Salas,2024-10-25,11:10 WIB,NASA-NOAA20,Medium,-3.23668,130.56435,27.8,32.6,29.2,82,0.0,4.8,10,160,4,S
Sulawesi Tengah,MOROWALI UTARA,Mamosalato,Uepakatu,2024-10-25,13:12 WIB,NASA-MODIS,High,-1.47458,121.86528,24.8,33.7,29.9,79,0.0,8.0,4,300,2,E
Sulawesi Tenggara,KONAWE SELATAN,Angata,Lamooso,2024-10-25,12:50 WIB,NASA-NOAA20,High,-4.13799,122.18065,26.4,34.4,30.2,78,0.3,8.0,2,210,1,E
Sulawesi Tengah,POSO,Pamona Tenggara,Barati,2024-10-25,13:12 WIB,NASA-MODIS,High,-1.99165,120.83545,24.8,33.7,29.9,79,0.0,8.0,4,300,2,E
Maluku,SERAM BAGIAN BARAT,Huamual Belakang,Tahalupu,2024-10-27,12:55 WIB,NASA-MODIS,Medium,-3.24749,127.7089,24.2,32,28.4,84,28.0,3.3,4,190,2,SW
Sulawesi Tenggara,MUNA,Tongkuno,Kotano Wuna,2024-10-27,12:12 WIB,NASA-NOAA20,High,-5.00033,122.65642,25,34.4,29.4,76,0.0,7.1,3,130,1,E
Maluku,MALUKU TENGAH,Seram Utara Barat,Warasiwa,2024-10-27,12:12 WIB,NASA-NOAA20,Medium,-2.89413,128.76645,25,33,29,76,0.0,8,5,120,2,C
Sulawesi Selatan,LUWU TIMUR,Nuha,Sorowako,2024-10-28,20:59 WIB,NASA-MODIS,High,-2.57103,121.37685,17.2,29.5,22.8,86,0.0,8.0,6,60,3,NE
Sulawesi Selatan,LUWU TIMUR,Towuti,Asuli,2024-10-28,20:59 WIB,NASA-MODIS,High,-2.58385,121.37936,17.2,29.5,22.8,86,0.0,8.0,6,60,3,NE
Maluku,SERAM BAGIAN BARAT,Huamual Belakang,Buano Selatan,2024-10-28,11:55 WIB,NASA-NOAA20,Medium,-3.02179,127.84785,25.2,33.2,29.9,76,0.0,8,5,120,3,E
Sulawesi Selatan,LUWU TIMUR,Nuha,Sorowako,2024-10-29,01:53 WIB,NASA-MODIS,High,-2.58558,121.39797,19.8,29,24.2,84,0.0,8.0,5,30,2,C
Maluku,SERAM BAGIAN TIMUR,Tutuk Tolu,Kilmoy,2024-10-29,12:33 WIB,NASA-MODIS,Medium,-3.59668,130.83128,25.2,31.6,28.7,82,1.5,3.3,3,90,1,E
Maluku,MALUKU TENGAH,Seram Utara Timur Kobi,Maneo Rendah,2024-10-29,11:34 WIB,NASA-NOAA20,Medium,-3.04606,129.81914,26.7,32.6,29.3,81,0.0,2.9,4,140,2,SE
Sulawesi Tengah,MOROWALI UTARA,Mamosalato,Menyo'e,2024-10-29,11:36 WIB,NASA-NOAA20,High,-1.39326,121.62139,25.2,32.5,28.9,85,0.0,8.0,4,320,2,E
Sulawesi Selatan,LUWU TIMUR,Towuti,Asuli,2024-10-29,11:36 WIB,NASA-NOAA20,High,-2.57809,121.38125,19.8,29,24.2,84,0.0,8.0,5,30,2,C
Sulawesi Tenggara,KOLAKA,Watubangga,Kastura,2024-10-29,11:34 WIB,NASA-NOAA20,High,-4.4804,121.64634,24.5,34,29.3,80,0.0,8.0,3,100,1,E
Sulawesi Tengah,MOROWALI UTARA,Bungku Utara,Salubiro,2024-10-29,11:36 WIB,NASA-NOAA20,High,-1.44362,121.75671,25.2,32.5,28.9,85,0.0,8.0,4,320,2,E
Sulawesi Selatan,LUWU TIMUR,Towuti,Pekaloa,2024-10-29,11:36 WIB,NASA-NOAA20,High,-2.59883,121.4516,19.8,29,24.2,84,0.0,8.0,5,30,2,C
Sulawesi Tengah,MOROWALI,Bungku Timur,Bahomotefe,2024-10-30,13:14 WIB,NASA-MODIS,High,-2.7626,121.95123,25,33,29.1,82,0.0,8.0,4,330,2,SE
Sulawesi Selatan,LUWU TIMUR,Towuti,Asuli,2024-10-30,20:42 WIB,NASA-MODIS,High,-2.58271,121.38103,20,30.3,23.9,87,0.0,8.0,5,40,2,SW
Sulawesi Tengah,MOROWALI UTARA,Bungku Utara,Salubiro,2024-10-30,13:14 WIB,NASA-MODIS,High,-1.57972,121.76953,25,33,29.1,82,0.0,8.0,4,330,2,SE
Sulawesi Selatan,LUWU TIMUR,Nuha,Sorowako,2024-10-30,20:42 WIB,NASA-MODIS,High,-2.57488,121.36975,20,30.3,23.9,87,0.0,8.0,5,40,2,SW
Sulawesi Tenggara,KONAWE SELATAN,Laeya,Labokeo,2024-10-30,13:14 WIB,NASA-MODIS,High,-4.40882,122.49783,25,33.4,28.9,80,0.0,8.0,3,130,1,NE
Sulawesi Tenggara,BOMBANA,Poleang Tengah,Paria,2024-10-30,13:14 WIB,NASA-MODIS,High,-4.74626,121.63139,25,33.4,28.9,80,0.0,8.0,3,130,1,NE
Sulawesi Tengah,TOJO UNA UNA,Ulubongka,Kasiala,2024-10-30,13:14 WIB,NASA-MODIS,High,-1.35213,121.68246,25,33,29.1,82,0.0,8.0,4,330,2,SE
Sulawesi Tengah,TOJO UNA UNA,Ampana Tete,Mantangisi,2024-10-30,13:14 WIB,NASA-MODIS,High,-0.94872,121.67062,25,33,29.1,82,0.0,8.0,4,330,2,SE
Sulawesi Tenggara,BOMBANA,Poleang Tengah,Lebo Ea,2024-10-30,13:14 WIB,NASA-MODIS,High,-4.74754,121.62248,25,33.4,28.9,80,0.0,8.0,3,130,1,NE
Sulawesi Selatan,BONE,Libureng,Kelurahan Ceppaga,2024-10-30,20:42 WIB,NASA-MODIS,High,-4.82646,120.1041,20,30.3,23.9,87,0.0,8.0,5,40,2,SW
Maluku,SERAM BAGIAN BARAT,Seram Barat,Kawa,2024-11-02,11:59 WIB,NASA-NOAA20,Medium,-2.90947,128.2253,26.2,33.4,29.7,76,1.5,8,3,170,2,SE
Maluku,MALUKU TENGAH,Kota Masohi,Kelurahan Namaelo,2024-11-03,12:40 WIB,NASA-MODIS,Medium,-3.30736,128.95784,26,32.6,28.8,81,0.0,8,5,220,2,SE
Maluku,MALUKU TENGAH,Seram Utara Timur Kobi,Maneo Rendah,2024-11-06,12:27 WIB,NASA-NOAA20,Medium,-2.88366,129.78065,25.4,32,29.5,79,10.4,4.6,5,50,2,E
Sulawesi Selatan,LUWU TIMUR,Nuha,Sorowako,2024-11-08,08:54 WIB,NASA-MODIS,High,-2.57937,121.39046,19,28.4,22.1,90,0.0,8.0,7,50,2,C
Maluku,MALUKU TENGGARA,Kei Kecil Timur Selatan,Danar Ternate,2024-11-08,11:46 WIB,NASA-NOAA20,Medium,-5.93861,132.74817,23.8,32.6,28.5,87,0.0,7.2,5,80,2,E
Sulawesi Tengah,MOROWALI UTARA,Bungku Utara,Matube,2024-11-09,11:36 WIB,NASA-NOAA20,High,-1.87005,121.53352,23.8,32.8,28.1,87,0.0,8.0,3,320,1,C
Sulawesi Selatan,LUWU TIMUR,Towuti,Asuli,2024-11-09,11:36 WIB,NASA-NOAA20,High,-2.57693,121.38055,15.8,27.2,20.6,86,0.0,8.0,7,60,2,C
Sulawesi Selatan,LUWU TIMUR,Nuha,Sorowako,2024-11-09,08:24 WIB,NASA-MODIS,High,-2.57745,121.38695,15.8,27.2,20.6,86,0.0,8.0,7,60,2,C
Sulawesi Selatan,LUWU TIMUR,Towuti,Mahalona,2024-11-09,13:14 WIB,NASA-MODIS,High,-2.53624,121.60898,15.8,27.2,20.6,86,0.0,8.0,7,60,2,C
Sulawesi Selatan,BARRU,Pujananting,Bulo Bulo,2024-11-09,13:16 WIB,NASA-NOAA20,High,-4.78728,119.71268,15.8,27.2,20.6,86,0.0,8.0,7,60,2,C
Sulawesi Tengah,TOJO UNA UNA,Ulubongka,Mire,2024-11-09,11:36 WIB,NASA-NOAA20,High,-1.13291,121.42419,23.8,32.8,28.1,87,0.0,8.0,3,320,1,C
Sulawesi Tengah,BANGGAI,Pagimana,Baloa Doda,2024-11-09,11:36 WIB,NASA-NOAA20,High,-0.97229,122.43016,23.8,32.8,28.1,87,0.0,8.0,3,320,1,C
Maluku,MALUKU TENGAH,Seram Utara Barat,Warasiwa,2024-11-09,11:27 WIB,NASA-NOAA20,Medium,-2.88128,128.75938,24.7,30.2,27.2,89,7.7,3,3,140,1,W
Sulawesi Selatan,LUWU TIMUR,Towuti,Asuli,2024-11-10,01:21 WIB,NASA-MODIS,High,-2.60246,121.37787,20.8,28.8,24.3,87,2.7,6.4,6,40,3,N
Maluku,MALUKU TENGGARA,Kei Kecil Timur,Wain,2024-11-12,12:12 WIB,NASA-NOAA20,Medium,-5.83469,132.75912,23.8,32.4,28.2,76,0.0,6.2,3,90,2,E
Sulawesi Selatan,LUWU TIMUR,Towuti,Asuli,2024-11-14,20:52 WIB,NASA-MODIS,High,-2.57871,121.36803,20,28.5,23.3,92,0.0,8.0,5,50,2,C
Sulawesi Selatan,LUWU TIMUR,Towuti,Tokalimbo,2024-11-15,12:57 WIB,NASA-NOAA20,High,-2.94367,121.46262,19.9,29.6,23.7,88,5.5,6.2,4,40,2,C
Sulawesi Selatan,LUWU TIMUR,Towuti,Asuli,2024-11-16,23:39 WIB,NASA-NOAA20,High,-2.57792,121.37441,20.8,28.3,23.5,90,2.3,8.0,5,220,2,NE
Sulawesi Selatan,LUWU TIMUR,Nuha,Sorowako,2024-11-16,00:47 WIB,NASA-MODIS,High,-2.57419,121.38575,20.8,28.3,23.5,90,2.3,8.0,5,220,2,NE
Sulawesi Selatan,LUWU TIMUR,Nuha,Sorowako,2024-11-17,21:14 WIB,NASA-MODIS,High,-2.57339,121.36099,20.9,27.2,23.4,90,11.9,4.4,6,40,3,N
Sulawesi Selatan,LUWU TIMUR,Towuti,Asuli,2024-11-18,20:14 WIB,NASA-MODIS,High,-2.57636,121.36771,20.4,29.1,24.5,86,0.0,7.2,7,10,3,N
Maluku Utara,HALMAHERA SELATAN,Obi,Kawasi,2024-11-18,00:22 WIB,NASA-MODIS,Medium,-1.457,127.4421,24,30.2,25,95,0.0,6,5,60,1,E
Sulawesi Selatan,LUWU TIMUR,Nuha,Sorowako,2024-11-18,20:14 WIB,NASA-MODIS,High,-2.57449,121.38154,20.4,29.1,24.5,86,0.0,7.2,7,10,3,N
Sulawesi Selatan,LUWU TIMUR,Nuha,Sorowako,2024-11-19,20:54 WIB,NASA-MODIS,High,-2.57217,121.38365,20.7,28.6,23.8,89,2.8,8.0,6,50,2,NE
Sulawesi Tengah,MOROWALI UTARA,Petasia,Tanauge,2024-11-19,11:42 WIB,NASA-NOAA20,High,-2.01146,121.43432,24,31.1,26.8,92,5.8,6.0,3,350,1,SE
Sulawesi Selatan,LUWU TIMUR,Towuti,Asuli,2024-11-19,08:36 WIB,NASA-MODIS,High,-2.58179,121.38068,20.7,28.6,23.8,89,2.8,8.0,6,50,2,NE
Sulawesi Tengah,MOROWALI UTARA,Mamosalato,Momo,2024-11-21,13:07 WIB,NASA-MODIS,High,-1.63303,121.90197,23.6,31.2,27.0,91,3.7,6.4,3,20,1,SE
Sulawesi Selatan,LUWU TIMUR,Towuti,Asuli,2024-11-21,00:49 WIB,NASA-MODIS,High,-2.5788,121.38587,20.2,28.4,23.0,91,19.6,6.1,4,220,2,S
Maluku,MALUKU TENGAH,Seram Utara,Wahai,2024-11-21,08:17 WIB,NASA-MODIS,Medium,-2.91204,129.29782,25,31.3,27.8,87,11.3,1.4,7,90,1,W
Sulawesi Selatan,LUWU TIMUR,Towuti,Asuli,2024-11-22,01:30 WIB,NASA-MODIS,High,-2.57632,121.38313,20.8,29.3,23.9,89,10.3,6.7,3,10,1,C
Maluku,SERAM BAGIAN TIMUR,Bula,Bula,2024-11-22,23:26 WIB,NASA-NOAA20,Medium,-3.1145,130.44647,26.4,32.2,29.3,84,0.0,2.7,3,210,1,C
Maluku,SERAM BAGIAN BARAT,Kepulauan Manipa,Luhutuban,2024-11-23,12:48 WIB,NASA-MODIS,Medium,-3.31596,127.61514,26.2,33.1,29.2,81,0.0,8,5,110,1,C
Sulawesi Selatan,LUWU TIMUR,Towuti,Asuli,2024-11-24,00:47 WIB,NASA-NOAA20,High,-2.58245,121.37398,21.4,28.2,23.6,92,6.5,6.6,4,190,1,C
Sulawesi Selatan,LUWU TIMUR,Nuha,Sorowako,2024-11-24,01:10 WIB,NASA-MODIS,High,-2.56944,121.37933,21.4,28.2,23.6,92,6.5,6.6,4,190,1,C
Sulawesi Selatan,LUWU TIMUR,Nuha,Sorowako,2024-11-27,01:32 WIB,NASA-MODIS,High,-2.57046,121.38242,21.2,29.5,23.8,92,1.6,6.2,4,210,2,SW
Maluku,KOTA AMBON,Sirimau,Kelurahan Batu Meja,2024-11-28,08:02 WIB,NASA-MODIS,Medium,-3.70188,128.18591,27,33.2,30.1,82,0.0,8,3,150,1,NW
Maluku,MALUKU TENGAH,Seram Utara,Wahai,2024-11-28,08:02 WIB,NASA-MODIS,Medium,-2.92069,129.29488,25.2,31.8,28.9,87,0.9,6.2,5,130,1,W
Sulawesi Selatan,LUWU TIMUR,Towuti,Asuli,2024-11-29,13:31 WIB,NASA-MODIS,High,-2.58198,121.37514,21.4,28.6,23.4,94,1.4,6.7,5,190,2,SW
Maluku,MALUKU TENGAH,Saparua,Kulur,2024-11-29,11:53 WIB,NASA-NOAA20,Medium,-3.49816,128.57111,26,33.1,29.7,82,0.2,5.7,4,300,1,NW
Sulawesi Selatan,LUWU TIMUR,Nuha,Sorowako,2024-12-08,20:16 WIB,NASA-MODIS,High,-2.57231,121.37611,17.7,25.5,20.4,95,0.0,8.0,4,140,1,C
Sulawesi Selatan,LUWU TIMUR,Malili,Tarabbi,2024-12-09,12:55 WIB,NASA-NOAA20,High,-2.52613,120.99941,15.4,27.8,20.4,88,0.0,8.0,7,90,3,C
Sulawesi Tenggara,BOMBANA,Poleang Barat,Analere,2024-12-09,12:55 WIB,NASA-NOAA20,High,-4.61913,121.64582,22.2,32.3,27.1,87,0.0,6.9,4,110,1,NE
Sulawesi Selatan,LUWU TIMUR,Towuti,Asuli,2024-12-09,12:55 WIB,NASA-NOAA20,High,-2.57759,121.38067,15.4,27.8,20.4,88,0.0,8.0,7,90,3,C
Maluku,MALUKU TENGAH,Seram Utara,Wahai,2024-12-10,12:37 WIB,NASA-MODIS,Medium,-2.91657,129.28983,24.4,32.5,29,85,0.0,6,4,200,2,S
Sulawesi Selatan,LUWU TIMUR,Nuha,Sorowako,2024-12-11,21:09 WIB,NASA-MODIS,High,-2.57331,121.37016,20.3,28.3,22.0,93,33.7,6.2,5,220,2,NE
Maluku,MALUKU TENGAH,Salahutu,Liang,2024-12-14,12:12 WIB,NASA-NOAA20,Medium,-3.50837,128.34175,25,32.4,28.1,84,16.3,4.1,7,290,3,W
Maluku,SERAM BAGIAN BARAT,Kepulauan Manipa,Luhutuban,2024-12-15,11:53 WIB,NASA-NOAA20,Medium,-3.34721,127.62568,26.4,31,28.1,90,7.8,3.7,6,260,4,W
Sulawesi Selatan,LUWU TIMUR,Towuti,Asuli,2024-12-16,13:16 WIB,NASA-MODIS,High,-2.58352,121.36728,20.2,28.8,23.6,84,1.0,3.8,5,230,4,SW
Sulawesi Tengah,TOJO UNA UNA,Ulubongka,Uekambuno,2024-12-21,13:20 WIB,NASA-MODIS,High,-1.08905,121.45704,24.8,34,29.1,83,0.4,7.0,3,330,1,NW
Sulawesi Selatan,LUWU TIMUR,Towuti,Asuli,2024-12-23,08:17 WIB,NASA-MODIS,High,-2.58696,121.3756,20,26.6,22.8,89,3.0,0.5,5,230,3,SW
Sulawesi Selatan,LUWU TIMUR,Nuha,Sorowako,2024-12-31,01:04 WIB,NASA-MODIS,High,-2.57431,121.38564,20.8,28.2,22.1,92,0.3,3.2,5,210,3,SW
Sulawesi Selatan,LUWU TIMUR,Towuti,Asuli,2025-01-03,19:46 WIB,NASA-MODIS,High,-2.58177,121.38436,20,29.2,23.4,87,1.8,4.5,6,220,2,C
Sulawesi Selatan,LUWU TIMUR,Towuti,Asuli,2025-01-05,08:24 WIB,NASA-MODIS,High,-2.57793,121.38397,20.4,27.9,22.7,94,5.1,1.6,4,210,2,NE
Sulawesi Selatan,LUWU TIMUR,Nuha,Sorowako,2025-01-14,23:34 WIB,NASA-NOAA20,High,-2.57091,121.37961,20.4,28.7,22.9,93,0.3,2.4,4,220,1,C
Sulawesi Selatan,LUWU TIMUR,Towuti,Asuli,2025-01-14,23:34 WIB,NASA-NOAA20,High,-2.57683,121.3784,20.4,28.7,22.9,93,0.3,2.4,4,220,1,C
Sulawesi Selatan,LUWU TIMUR,Towuti,Asuli,2025-01-15,13:24 WIB,NASA-MODIS,High,-2.58267,121.38252,20.7,27.8,23.0,90,53.9,4.2,5,210,2,S
Sulawesi Selatan,LUWU TIMUR,Nuha,Sorowako,2025-01-15,01:06 WIB,NASA-MODIS,High,-2.56732,121.38693,20.7,27.8,23.0,90,53.9,4.2,5,210,2,S
Sulawesi Selatan,LUWU TIMUR,Towuti,Asuli,2025-01-21,01:02 WIB,NASA-NOAA20,High,-2.57705,121.37818,19.8,27.6,21.7,92,4.8,1.5,7,220,3,SW
Sulawesi Selatan,LUWU TIMUR,Nuha,Sorowako,2025-01-21,01:47 WIB,NASA-MODIS,High,-2.56829,121.38361,19.8,27.6,21.7,92,4.8,1.5,7,220,3,SW
Sulawesi Selatan,LUWU TIMUR,Nuha,Sorowako,2025-01-29,08:13 WIB,NASA-MODIS,High,-2.57206,121.38149,20.6,27.6,22.5,93,6.0,2.0,7,220,3,SW
Sulawesi Selatan,LUWU TIMUR,Towuti,Asuli,2025-02-01,13:03 WIB,NASA-MODIS,High,-2.59242,121.38066,20,28.3,22.8,85,2.3,6.0,6,200,4,SW
Sulawesi Selatan,LUWU TIMUR,Towuti,Asuli,2025-02-13,20:40 WIB,NASA-MODIS,High,-2.58042,121.37741,19.9,29.8,23.3,91,0.0,3.7,4,210,2,SW
Sulawesi Selatan,LUWU TIMUR,Nuha,Sorowako,2025-02-13,20:40 WIB,NASA-MODIS,High,-2.57879,121.38894,19.9,29.8,23.3,91,0.0,3.7,4,210,2,SW
Sulawesi Tengah,TOJO UNA UNA,Ulubongka,Uematopa,2025-02-14,13:29 WIB,NASA-MODIS,High,-1.29347,121.80684,24,31.8,27.3,88,7.3,0.0,3,110,1,E
Sulawesi Selatan,LUWU TIMUR,Nuha,Sorowako,2025-02-15,01:49 WIB,NASA-MODIS,High,-2.5752,121.38624,20.4,30.1,23.9,90,0.0,2.4,6,240,2,SW
Sulawesi Selatan,LUWU TIMUR,Towuti,Asuli,2025-02-19,13:29 WIB,NASA-MODIS,High,-2.58192,121.38529,19.8,29.4,22.9,89,16.4,6.4,5,210,2,C
Sulawesi Selatan,LUWU TIMUR,Towuti,Asuli,2025-02-25,08:06 WIB,NASA-MODIS,High,-2.58272,121.38284,19.8,28,22.6,90,28.3,3.6,5,180,1,C
Sulawesi Selatan,LUWU TIMUR,Towuti,Asuli,2025-03-04,07:58 WIB,NASA-MODIS,High,-2.57827,121.37376,19.2,29.4,23.1,92,0.0,2.8,5,200,3,SW
Sulawesi Selatan,LUWU TIMUR,Nuha,Sorowako,2025-03-04,07:58 WIB,NASA-MODIS,High,-2.58067,121.39,19.2,29.4,23.1,92,0.0,2.8,5,200,3,SW
Sulawesi Selatan,LUWU TIMUR,Towuti,Asuli,2025-03-05,08:05 WIB,NASA-MODIS,High,-2.5803,121.38089,20.4,27.6,22.2,92,29.8,5.9,2,190,1,S
Sulawesi Tengah,MOROWALI,Bungku Barat,Tondo,2025-03-15,12:06 WIB,NASA-NOAA20,High,-2.27194,121.76611,24,30.6,27.0,87,0.0,6.9,3,140,2,E
Sulawesi Tenggara,BOMBANA,Lantari Jaya,Watu-watu,2025-03-16,13:27 WIB,NASA-MODIS,High,-4.52679,122.01326,25.6,33.7,28.8,83,18.9,6.8,2,240,1,SW
Sulawesi Selatan,LUWU TIMUR,Towuti,Asuli,2025-03-16,13:29 WIB,NASA-MODIS,High,-2.57906,121.37782,20,28.6,23.0,90,1.4,6.8,6,210,3,SW
Sulawesi Tengah,BANGGAI,Batui Selatan,Gori-Gori,2025-03-16,13:29 WIB,NASA-MODIS,High,-1.38173,122.43007,23.7,31.7,26.6,89,0.0,6.9,5,310,2,NW
Sulawesi Selatan,LUWU TIMUR,Nuha,Sorowako,2025-03-27,08:17 WIB,NASA-MODIS,High,-2.57624,121.3838,18.6,29.6,23.0,89,0.0,0.0,5,210,3,SW
Sulawesi Tengah,BANGGAI,Lobu,Uwe Daka-Daka,2025-03-27,11:42 WIB,NASA-NOAA20,High,-0.7992,122.53971,24.4,32.3,27.9,86,0.0,8.0,4,320,2,NW
Sulawesi Tenggara,KOLAKA,Tanggetada,Pewisoa Jaya,2025-03-31,13:25 WIB,NASA-MODIS,High,-4.35033,121.60382,26.1,32.2,28.5,84,0.0,2.6,2,130,1,SE
Sulawesi Selatan,LUWU TIMUR,Towuti,Asuli,2025-04-03,20:08 WIB,NASA-MODIS,High,-2.57408,121.37894,20.6,29.4,23.2,93,9.5,2.6,6,210,2,SW
Sulawesi Selatan,LUWU TIMUR,Nuha,Sorowako,2025-04-13,20:18 WIB,NASA-MODIS,High,-2.57102,121.38393,20.2,28.1,22.8,92,87.9,4.5,6,220,2,S
Sulawesi Selatan,LUWU TIMUR,Towuti,Asuli,2025-04-13,08:02 WIB,NASA-MODIS,High,-2.57814,121.37668,20.2,28.1,22.8,92,87.9,4.5,6,220,2,S
Sulawesi Selatan,LUWU TIMUR,Towuti,Asuli,2025-04-14,08:39 WIB,NASA-MODIS,High,-2.57774,121.38446,19,29.4,22.3,92,36.5,8.0,5,230,2,SW
Sulawesi Selatan,LUWU TIMUR,Nuha,Sorowako,2025-04-15,01:04 WIB,NASA-MODIS,High,-2.56986,121.37895,19,28.8,22.9,91,0.4,6.7,5,200,2,C
Sulawesi Selatan,LUWU TIMUR,Towuti,Asuli,2025-04-20,13:22 WIB,NASA-MODIS,High,-2.5784,121.37871,20,29.3,23.4,90,1.4,5.0,5,210,3,SW
Sulawesi Selatan,LUWU TIMUR,Nuha,Sorowako,2025-04-28,13:40 WIB,NASA-MODIS,High,-2.57623,121.38792,19,27.6,22.2,92,9.2,4.2,5,190,2,SW
Sulawesi Selatan,LUWU TIMUR,Towuti,Asuli,2025-04-28,13:40 WIB,NASA-MODIS,High,-2.57758,121.37875,19,27.6,22.2,92,9.2,4.2,5,190,2,SW
Sulawesi Tenggara,BOMBANA,Lantari Jaya,Lantari,2025-05-01,13:24 WIB,NASA-MODIS,High,-4.57427,122.02798,25.3,32.6,27.8,85,19.3,6.0,2,130,1,C
Sulawesi Tengah,BANGGAI,Batui Selatan,Sinorang,2025-05-13,20:27 WIB,NASA-MODIS,High,-1.4353,122.40738,24.8,32.7,28.6,83,5.4,8.0,3,330,2,E
Sulawesi Selatan,LUWU TIMUR,Towuti,Asuli,2025-05-13,20:25 WIB,NASA-MODIS,High,-2.58337,121.37775,19.8,28.5,22.4,92,11.1,6.0,5,10,2,C
Sulawesi Selatan,LUWU TIMUR,Nuha,Sorowako,2025-05-13,20:25 WIB,NASA-MODIS,High,-2.57436,121.37637,19.8,28.5,22.4,92,11.1,6.0,5,10,2,C
Sulawesi Selatan,LUWU TIMUR,Towuti,Asuli,2025-05-16,12:44 WIB,NASA-NOAA20,High,-2.57804,121.38003,20,28.6,22.9,91,0.2,3.2,5,40,2,N
Sulawesi Selatan,LUWU TIMUR,Towuti,Asuli,2025-05-21,08:28 WIB,NASA-MODIS,High,-2.5755,121.37576,20.5,27.2,22.9,90,5.9,2.7,5,20,2,N
Sulawesi Selatan,LUWU TIMUR,Towuti,Asuli,2025-05-26,13:48 WIB,NASA-MODIS,High,-2.5839,121.37686,19.2,30.4,22.5,91,0.0,6.0,5,200,2,C
Sulawesi Selatan,LUWU TIMUR,Towuti,Asuli,2025-05-27,23:39 WIB,NASA-NOAA20,High,-2.57729,121.3757,20.2,27.2,22.3,92,14.9,7.9,7,220,3,S
Sulawesi Selatan,LUWU TIMUR,Towuti,Asuli,2025-05-28,20:29 WIB,NASA-MODIS,High,-2.57726,121.37685,19,27.6,22.2,94,2.2,6.8,5,40,2,N
Sulawesi Selatan,LUWU TIMUR,Towuti,Asuli,2025-05-29,01:02 WIB,NASA-NOAA20,High,-2.57743,121.37589,20,27.8,21.9,94,3.6,8.0,5,40,2,N
Sulawesi Selatan,LUWU TIMUR,Towuti,Asuli,2025-05-30,20:08 WIB,NASA-MODIS,High,-2.57984,121.37464,19.3,29.2,22.8,91,0.5,5.3,5,40,2,C
Sulawesi Selatan,LUWU TIMUR,Towuti,Asuli,2025-05-31,13:46 WIB,NASA-MODIS,High,-2.5843,121.37362,19.3,28.4,23.1,92,0.0,8.0,5,40,2,S
Sulawesi Selatan,LUWU TIMUR,Nuha,Sorowako,2025-06-03,01:10 WIB,NASA-MODIS,High,-2.57605,121.39622,20.1,28.5,22.6,93,9.1,2.0,5,190,2,C
Sulawesi Selatan,LUWU TIMUR,Nuha,Sorowako,2025-06-04,20:38 WIB,NASA-MODIS,High,-2.57164,121.38162,20.2,27,22.6,92,46.9,0.5,7,160,2,C
Sulawesi Selatan,LUWU TIMUR,Towuti,Asuli,2025-06-05,23:35 WIB,NASA-NOAA20,High,-2.57733,121.37458,20.7,27.6,22.1,96,1.4,4.2,4,230,2,N
Sulawesi Selatan,LUWU TIMUR,Towuti,Asuli,2025-07-01,13:03 WIB,NASA-MODIS,High,-2.58478,121.37213,21.3,28,23.6,92,1.8,5.8,6,210,2,SW
Sulawesi Selatan,LUWU TIMUR,Nuha,Sorowako,2025-08-01,01:25 WIB,NASA-MODIS,High,-2.57652,121.39233,20,27.7,22.9,90,0.9,4.0,5,190,3,S
Sulawesi Selatan,LUWU TIMUR,Towuti,Asuli,2025-08-02,08:19 WIB,NASA-MODIS,High,-2.57387,121.37901,19.6,26.2,22.7,85,7.6,4.4,6,220,4,SW
Sulawesi Selatan,LUWU TIMUR,Nuha,Sorowako,2025-08-02,08:19 WIB,NASA-MODIS,High,-2.57521,121.3882,19.6,26.2,22.7,85,7.6,4.4,6,220,4,SW
Sulawesi Selatan,LUWU TIMUR,Nuha,Sorowako,2025-08-04,01:26 WIB,NASA-MODIS,High,-2.57243,121.38564,20,28.4,23.1,91,1.2,7.0,5,50,2,C
Sulawesi Tengah,MOROWALI UTARA,Petasia,Tanauge,2025-08-04,01:26 WIB,NASA-MODIS,High,-2.01136,121.41974,23.8,31.8,26.8,90,1.2,2.4,4,310,1,SE
Sulawesi Selatan,LUWU TIMUR,Towuti,Asuli,2025-08-04,01:26 WIB,NASA-MODIS,High,-2.58126,121.38431,20,28.4,23.1,91,1.2,7.0,5,50,2,C
Sulawesi Selatan,LUWU TIMUR,Towuti,Asuli,2025-08-05,13:35 WIB,NASA-MODIS,High,-2.57934,121.37853,20.4,28.2,23.2,90,2.0,4.7,4,40,2,NE
Sulawesi Selatan,LUWU TIMUR,Towuti,Asuli,2025-09-03,20:08 WIB,NASA-MODIS,High,-2.57883,121.38176,19.5,28.2,22.5,93,31.9,0.0,4,50,2,NE
Sulawesi Selatan,LUWU TIMUR,Towuti,Asuli,2025-10-01,13:24 WIB,NASA-MODIS,High,-2.57923,121.38058,19.7,29.2,23.1,88,0.1,5.2,7,220,3,SW
Sulawesi Tengah,BANGGAI,Moilong,Selamet Raharjo,2025-10-02,20:18 WIB,NASA-MODIS,High,-1.43877,122.38512,24.2,32.6,27.4,88,0.5,0.4,3,340,1,NW
Sulawesi Selatan,LUWU TIMUR,Towuti,Asuli,2025-11-01,00:47 WIB,NASA-NOAA20,High,-2.57717,121.38062,20,28.8,23.3,89,1.0,6.2,6,210,2,SW
Sulawesi Selatan,LUWU TIMUR,Nuha,Sorowako,2025-11-03,01:09 WIB,NASA-MODIS,High,-2.57849,121.3933,21,27.5,22.6,92,13.1,8.0,5,210,2,N
Sulawesi Selatan,LUWU TIMUR,Towuti,Asuli,2025-11-03,00:41 WIB,NASA-NOAA20,High,-2.57774,121.38066,21,27.5,22.6,92,13.1,8.0,5,210,2,N
Sulawesi Selatan,LUWU TIMUR,Towuti,Asuli,2025-11-05,08:26 WIB,NASA-MODIS,High,-2.57553,121.37779,18.8,28.1,22.5,92,8.1,3.3,4,200,2,N
Sulawesi Selatan,LUWU TIMUR,Nuha,Sorowako,2025-12-03,20:29 WIB,NASA-MODIS,High,-2.57784,121.39003,19.8,27.5,22.9,89,40.1,3.5,4,110,1,C
Sulawesi Selatan,LUWU TIMUR,Towuti,Asuli,2025-12-03,08:11 WIB,NASA-MODIS,High,-2.57807,121.3792,19.8,27.5,22.9,89,40.1,3.5,4,110,1,C
